video_id,model_name,technique_name,rag_enabled,pred_count,true_positives,false_positives,gt_count,json_valid,pred_total_kcal,gt_total_kcal
C0suZXkxaBG,Gemma-SEA-LION v4 4B,few-shot,false,9,144,0,16,true,881.0,11451.59998369217
C0suZXkxaBG,Gemma-SEA-LION v4 4B,structured-output,false,10,160,0,16,true,578.7,12723.999981880188
C0suZXkxaBG,Llama 3.2 3B Instruct,few-shot,false,11,176,0,16,true,1650.0,13996.399980068207
C0suZXkxaBG,Llama 3.2 3B Instruct,structured-output,false,12,192,0,16,true,643.7,15268.799978256226
C0suZXkxaBG,Llama 3.2 3B Instruct,zero-shot,false,14,224,0,16,true,1250.0,17813.599974632263
C0suZXkxaBG,MedGemma 4B,few-shot,false,11,176,0,16,true,2270.0,13996.399980068207
C0suZXkxaBG,MedGemma 4B,structured-output,false,10,160,0,16,true,1238.5,12723.999981880188
C0suZXkxaBG,MedGemma 4B,zero-shot,false,7,112,0,16,true,543.2,8906.799987316132
C0suZXkxaBG,Phi-4-mini 3.8B Instruct,few-shot,false,8,128,0,16,true,454.0,10179.19998550415
C0suZXkxaBG,Phi-4-mini 3.8B Instruct,structured-output,false,11,176,0,16,true,948.0,13996.399980068207
C0suZXkxaBG,Phi-4-mini 3.8B Instruct,zero-shot,false,10,160,0,16,true,492.1,12723.999981880188
C0suZXkxaBG,Qwen 2.5 3B Instruct,few-shot,false,11,176,0,16,true,1234.0,13996.399980068207
C0suZXkxaBG,Qwen 2.5 3B Instruct,structured-output,false,10,160,0,16,true,1044.0,12723.999981880188
C0suZXkxaBG,Qwen 2.5 3B Instruct,zero-shot,false,16,256,0,16,true,1318.0,20358.3999710083
C3tobkQJ2nA,Gemma-SEA-LION v4 4B,chain-of-thought,false,4,24,0,6,true,1200.0,7490.800109863281
C3tobkQJ2nA,Gemma-SEA-LION v4 4B,few-shot,false,6,36,0,6,true,1783.0,11236.200164794922
C3tobkQJ2nA,Gemma-SEA-LION v4 4B,zero-shot,false,5,30,0,6,true,3455.5,9363.500137329102
C3tobkQJ2nA,Llama 3.2 3B Instruct,chain-of-thought,false,5,30,0,6,true,3046.0,9363.500137329102
C3tobkQJ2nA,Llama 3.2 3B Instruct,few-shot,false,5,30,0,6,true,1678.0,9363.500137329102
C3tobkQJ2nA,Llama 3.2 3B Instruct,structured-output,false,6,36,0,6,true,2300.0,11236.200164794922
C3tobkQJ2nA,Llama 3.2 3B Instruct,zero-shot,false,6,36,0,6,true,0.0,11236.200164794922
C3tobkQJ2nA,MedGemma 4B,chain-of-thought,false,2,12,0,6,true,1636.0,3745.4000549316406
C3tobkQJ2nA,MedGemma 4B,few-shot,false,5,30,0,6,true,4450.0,9363.500137329102
C3tobkQJ2nA,MedGemma 4B,structured-output,false,5,30,0,6,true,994.0,9363.500137329102
C3tobkQJ2nA,MedGemma 4B,zero-shot,false,5,30,0,6,true,1526.4,9363.500137329102
C3tobkQJ2nA,Phi-4-mini 3.8B Instruct,few-shot,false,5,30,0,6,true,1418.0,9363.500137329102
C3tobkQJ2nA,Phi-4-mini 3.8B Instruct,structured-output,false,5,30,0,6,true,1687.3,9363.500137329102
C3tobkQJ2nA,Phi-4-mini 3.8B Instruct,zero-shot,false,5,30,0,6,true,395.0,9363.500137329102
C3tobkQJ2nA,Qwen 2.5 3B Instruct,few-shot,false,5,30,0,6,true,1226.5,9363.500137329102
C3tobkQJ2nA,Qwen 2.5 3B Instruct,zero-shot,false,5,30,0,6,true,2545.0,9363.500137329102
C67f7RfyFAV,Gemma-SEA-LION v4 4B,chain-of-thought,false,1,10,0,10,true,414.0,1007.3000030517578
C67f7RfyFAV,Gemma-SEA-LION v4 4B,few-shot,false,9,90,0,10,true,1923.0,9065.70002746582
C67f7RfyFAV,Gemma-SEA-LION v4 4B,structured-output,false,8,80,0,10,true,596.0,8058.4000244140625
C67f7RfyFAV,Llama 3.2 3B Instruct,few-shot,false,8,80,0,10,true,1377.0,8058.4000244140625
C67f7RfyFAV,Llama 3.2 3B Instruct,structured-output,false,8,80,0,10,true,429.0,8058.4000244140625
C67f7RfyFAV,Llama 3.2 3B Instruct,zero-shot,false,8,80,0,10,true,451.0,8058.4000244140625
C67f7RfyFAV,MedGemma 4B,few-shot,false,9,90,0,10,true,1432.8,9065.70002746582
C67f7RfyFAV,MedGemma 4B,structured-output,false,9,90,0,10,true,480.0,9065.70002746582
C67f7RfyFAV,MedGemma 4B,zero-shot,false,7,70,0,10,true,550.0,7051.100021362305
C67f7RfyFAV,Phi-4-mini 3.8B Instruct,chain-of-thought,false,1,10,0,10,true,136.0,1007.3000030517578
C67f7RfyFAV,Phi-4-mini 3.8B Instruct,few-shot,false,8,80,0,10,true,933.0,8058.4000244140625
C67f7RfyFAV,Phi-4-mini 3.8B Instruct,structured-output,false,6,60,0,10,true,779.6,6043.800018310547
C67f7RfyFAV,Phi-4-mini 3.8B Instruct,zero-shot,false,7,70,0,10,true,480.5,7051.100021362305
C67f7RfyFAV,Qwen 2.5 3B Instruct,few-shot,false,7,70,0,10,true,580.0,7051.100021362305
C6I4GVsLgnf,Gemma-SEA-LION v4 4B,chain-of-thought,false,4,16,0,4,true,1004.8,1909.2000122070312
C6I4GVsLgnf,Gemma-SEA-LION v4 4B,few-shot,false,4,16,0,4,true,1111.0,1909.2000122070312
C6I4GVsLgnf,Gemma-SEA-LION v4 4B,zero-shot,false,4,16,0,4,true,461.0,1909.2000122070312
C6I4GVsLgnf,Llama 3.2 3B Instruct,chain-of-thought,false,4,16,0,4,true,951.4,1909.2000122070312
C6I4GVsLgnf,Llama 3.2 3B Instruct,few-shot,false,4,16,0,4,true,1982.0,1909.2000122070312
C6I4GVsLgnf,Llama 3.2 3B Instruct,structured-output,false,4,16,0,4,true,3360.0,1909.2000122070312
C6I4GVsLgnf,Llama 3.2 3B Instruct,zero-shot,false,4,16,0,4,true,2885.4,1909.2000122070312
C6I4GVsLgnf,MedGemma 4B,chain-of-thought,false,4,16,0,4,true,1350.0,1909.2000122070312
C6I4GVsLgnf,MedGemma 4B,few-shot,false,4,16,0,4,true,724.0,1909.2000122070312
C6I4GVsLgnf,MedGemma 4B,structured-output,false,4,16,0,4,true,1155.0,1909.2000122070312
C6I4GVsLgnf,MedGemma 4B,zero-shot,false,4,16,0,4,true,1180.0,1909.2000122070312
C6I4GVsLgnf,Phi-4-mini 3.8B Instruct,few-shot,false,4,16,0,4,true,1032.0,1909.2000122070312
C6I4GVsLgnf,Phi-4-mini 3.8B Instruct,structured-output,false,4,16,0,4,true,3084.0,1909.2000122070312
C6I4GVsLgnf,Phi-4-mini 3.8B Instruct,zero-shot,false,4,16,0,4,true,659.0,1909.2000122070312
C6I4GVsLgnf,Qwen 2.5 3B Instruct,chain-of-thought,false,4,16,0,4,true,700.0,1909.2000122070312
C6I4GVsLgnf,Qwen 2.5 3B Instruct,few-shot,false,4,16,0,4,true,828.0,1909.2000122070312
C6I4GVsLgnf,Qwen 2.5 3B Instruct,structured-output,false,4,16,0,4,true,534.1,1909.2000122070312
C6I4GVsLgnf,Qwen 2.5 3B Instruct,zero-shot,false,4,16,0,4,true,179.0,1909.2000122070312
C6uo2tySRev,Gemma-SEA-LION v4 4B,chain-of-thought,false,3,24,0,8,true,310.0,7196.400146484375
C6uo2tySRev,Gemma-SEA-LION v4 4B,few-shot,false,6,48,0,8,true,366.0,14392.80029296875
C6uo2tySRev,Llama 3.2 3B Instruct,few-shot,false,6,48,0,8,true,398.0,14392.80029296875
C6uo2tySRev,Llama 3.2 3B Instruct,structured-output,false,5,40,0,8,true,419.0,11994.000244140625
C6uo2tySRev,MedGemma 4B,chain-of-thought,false,1,8,0,8,true,200.0,2398.800048828125
C6uo2tySRev,MedGemma 4B,few-shot,false,5,40,0,8,true,380.0,11994.000244140625
C6uo2tySRev,MedGemma 4B,structured-output,false,4,32,0,8,true,330.0,9595.2001953125
C6uo2tySRev,MedGemma 4B,zero-shot,false,7,56,0,8,true,409.4,16791.600341796875
C6uo2tySRev,Phi-4-mini 3.8B Instruct,chain-of-thought,false,7,56,0,8,true,129.6,16791.600341796875
C6uo2tySRev,Phi-4-mini 3.8B Instruct,few-shot,false,6,48,0,8,true,4429.6,14392.80029296875
C6uo2tySRev,Phi-4-mini 3.8B Instruct,structured-output,false,3,24,0,8,true,300.0,7196.400146484375
C6uo2tySRev,Phi-4-mini 3.8B Instruct,zero-shot,false,6,48,0,8,true,305.0,14392.80029296875
C6uo2tySRev,Qwen 2.5 3B Instruct,few-shot,false,6,48,0,8,true,6676.0,14392.80029296875
C6uo2tySRev,Qwen 2.5 3B Instruct,structured-output,false,5,40,0,8,true,1560.0,11994.000244140625
C6uo2tySRev,Qwen 2.5 3B Instruct,zero-shot,false,5,40,0,8,true,1210.0,11994.000244140625
C7F03BqSAng,Gemma-SEA-LION v4 4B,chain-of-thought,false,8,64,0,8,true,3285.3,23364.0
C7F03BqSAng,Gemma-SEA-LION v4 4B,few-shot,false,8,64,0,8,true,1209.0,23364.0
C7F03BqSAng,Gemma-SEA-LION v4 4B,structured-output,false,7,56,0,8,true,445.0,20443.5
C7F03BqSAng,Gemma-SEA-LION v4 4B,zero-shot,false,8,64,0,8,true,5264.0,23364.0
C7F03BqSAng,Llama 3.2 3B Instruct,few-shot,false,8,64,0,8,true,931.0,23364.0
C7F03BqSAng,Llama 3.2 3B Instruct,structured-output,false,8,64,0,8,true,1000.1,23364.0
C7F03BqSAng,Llama 3.2 3B Instruct,zero-shot,false,8,64,0,8,true,1895.0,23364.0
C7F03BqSAng,MedGemma 4B,chain-of-thought,false,10,80,0,8,true,891.0,29205.0
C7F03BqSAng,MedGemma 4B,few-shot,false,8,64,0,8,true,1794.0,23364.0
C7F03BqSAng,MedGemma 4B,structured-output,false,1,8,0,8,true,579.7,2920.5
C7F03BqSAng,MedGemma 4B,zero-shot,false,9,72,0,8,true,6613.2,26284.5
C7F03BqSAng,Phi-4-mini 3.8B Instruct,chain-of-thought,false,8,64,0,8,true,0.0,23364.0
C7F03BqSAng,Phi-4-mini 3.8B Instruct,few-shot,false,8,64,0,8,true,650.0,23364.0
C7F03BqSAng,Phi-4-mini 3.8B Instruct,structured-output,false,8,64,0,8,true,1046.5,23364.0
C7F03BqSAng,Phi-4-mini 3.8B Instruct,zero-shot,false,8,64,0,8,true,1922.0,23364.0
C7F03BqSAng,Qwen 2.5 3B Instruct,few-shot,false,8,64,0,8,true,950.0,23364.0
C7F03BqSAng,Qwen 2.5 3B Instruct,zero-shot,false,8,64,0,8,true,3145.0,23364.0
C7kt-JZyx8J,Gemma-SEA-LION v4 4B,chain-of-thought,false,8,104,0,13,true,485.0,15953.600021362305
C7kt-JZyx8J,Gemma-SEA-LION v4 4B,few-shot,false,8,104,0,13,true,415.0,15953.600021362305
C7kt-JZyx8J,Gemma-SEA-LION v4 4B,structured-output,false,6,78,0,13,true,351.0,11965.200016021729
C7kt-JZyx8J,Gemma-SEA-LION v4 4B,zero-shot,false,10,130,0,13,true,24.0,19942.00002670288
C7kt-JZyx8J,Llama 3.2 3B Instruct,chain-of-thought,false,10,130,0,13,true,259.3,19942.00002670288
C7kt-JZyx8J,Llama 3.2 3B Instruct,few-shot,false,10,130,0,13,true,870.0,19942.00002670288
C7kt-JZyx8J,Llama 3.2 3B Instruct,structured-output,false,8,104,0,13,true,539.2,15953.600021362305
C7kt-JZyx8J,Llama 3.2 3B Instruct,zero-shot,false,11,143,0,13,true,175.1,21936.20002937317
C7kt-JZyx8J,MedGemma 4B,chain-of-thought,false,23,299,0,13,true,717.0,45866.600061416626
C7kt-JZyx8J,MedGemma 4B,few-shot,false,9,117,0,13,true,639.0,17947.800024032593
C7kt-JZyx8J,MedGemma 4B,structured-output,false,10,130,0,13,true,362.8,19942.00002670288
C7kt-JZyx8J,Phi-4-mini 3.8B Instruct,chain-of-thought,false,11,143,0,13,true,1227.0,21936.20002937317
C7kt-JZyx8J,Phi-4-mini 3.8B Instruct,few-shot,false,9,117,0,13,true,385.2,17947.800024032593
C7kt-JZyx8J,Phi-4-mini 3.8B Instruct,structured-output,false,9,117,0,13,true,406.0,17947.800024032593
C7kt-JZyx8J,Phi-4-mini 3.8B Instruct,zero-shot,false,10,130,0,13,true,519.0,19942.00002670288
C7kt-JZyx8J,Qwen 2.5 3B Instruct,chain-of-thought,false,9,117,0,13,true,1398.0,17947.800024032593
C7kt-JZyx8J,Qwen 2.5 3B Instruct,few-shot,false,9,117,0,13,true,258.0,17947.800024032593
C7kt-JZyx8J,Qwen 2.5 3B Instruct,structured-output,false,9,117,0,13,true,315.0,17947.800024032593
C7kt-JZyx8J,Qwen 2.5 3B Instruct,zero-shot,false,6,78,0,13,true,230.0,11965.200016021729
C8f7YMXS75g,Gemma-SEA-LION v4 4B,chain-of-thought,false,4,16,0,4,true,639.0,724.0
C8f7YMXS75g,Gemma-SEA-LION v4 4B,few-shot,false,5,20,0,4,true,4807.0,905.0
C8f7YMXS75g,Gemma-SEA-LION v4 4B,structured-output,false,4,16,0,4,true,15.6,724.0
C8f7YMXS75g,Gemma-SEA-LION v4 4B,zero-shot,false,4,16,0,4,true,891.2,724.0
C8f7YMXS75g,Llama 3.2 3B Instruct,chain-of-thought,false,4,16,0,4,true,70.0,724.0
C8f7YMXS75g,Llama 3.2 3B Instruct,few-shot,false,4,16,0,4,true,212.0,724.0
C8f7YMXS75g,Llama 3.2 3B Instruct,structured-output,false,6,24,0,4,true,1454.0,1086.0
C8f7YMXS75g,Llama 3.2 3B Instruct,zero-shot,false,4,16,0,4,true,559.8,724.0
C8f7YMXS75g,MedGemma 4B,chain-of-thought,false,4,16,0,4,true,-558.8,724.0
C8f7YMXS75g,MedGemma 4B,few-shot,false,6,24,0,4,true,769.0,1086.0
C8f7YMXS75g,MedGemma 4B,structured-output,false,3,12,0,4,true,40.0,543.0
C8f7YMXS75g,MedGemma 4B,zero-shot,false,5,20,0,4,true,215.0,905.0
C8f7YMXS75g,Phi-4-mini 3.8B Instruct,chain-of-thought,false,5,20,0,4,true,0.0,905.0
C8f7YMXS75g,Phi-4-mini 3.8B Instruct,few-shot,false,6,24,0,4,true,843.9,1086.0
C8f7YMXS75g,Phi-4-mini 3.8B Instruct,structured-output,false,4,16,0,4,true,660.0,724.0
C8f7YMXS75g,Phi-4-mini 3.8B Instruct,zero-shot,false,5,20,0,4,true,503.8,905.0
C8f7YMXS75g,Qwen 2.5 3B Instruct,few-shot,false,5,20,0,4,true,1488.0,905.0
C8f7YMXS75g,Qwen 2.5 3B Instruct,structured-output,false,4,16,0,4,true,158.0,724.0
C8f7YMXS75g,Qwen 2.5 3B Instruct,zero-shot,false,4,16,0,4,true,1432.0,724.0
C9YrfhUS2lK,Gemma-SEA-LION v4 4B,chain-of-thought,false,5,35,0,7,true,395.0,3492.000000476837
C9YrfhUS2lK,Gemma-SEA-LION v4 4B,few-shot,false,7,49,0,7,true,700.0,4888.800000667572
C9YrfhUS2lK,Gemma-SEA-LION v4 4B,structured-output,false,7,49,0,7,true,659.0,4888.800000667572
C9YrfhUS2lK,Gemma-SEA-LION v4 4B,zero-shot,false,7,49,0,7,true,405.0,4888.800000667572
C9YrfhUS2lK,Llama 3.2 3B Instruct,few-shot,false,7,49,0,7,true,355.0,4888.800000667572
C9YrfhUS2lK,Llama 3.2 3B Instruct,structured-output,false,7,49,0,7,true,885.0,4888.800000667572
C9YrfhUS2lK,Llama 3.2 3B Instruct,zero-shot,false,7,49,0,7,true,335.0,4888.800000667572
C9YrfhUS2lK,MedGemma 4B,chain-of-thought,false,7,49,0,7,true,1635.0,4888.800000667572
C9YrfhUS2lK,MedGemma 4B,few-shot,false,8,56,0,7,true,835.0,5587.200000762939
C9YrfhUS2lK,MedGemma 4B,zero-shot,false,7,49,0,7,true,2978.0,4888.800000667572
C9YrfhUS2lK,Phi-4-mini 3.8B Instruct,chain-of-thought,false,7,49,0,7,true,575.0,4888.800000667572
C9YrfhUS2lK,Phi-4-mini 3.8B Instruct,few-shot,false,7,49,0,7,true,550.0,4888.800000667572
C9YrfhUS2lK,Phi-4-mini 3.8B Instruct,structured-output,false,7,49,0,7,true,987.3,4888.800000667572
C9YrfhUS2lK,Phi-4-mini 3.8B Instruct,zero-shot,false,5,35,0,7,true,680.0,3492.000000476837
C9YrfhUS2lK,Qwen 2.5 3B Instruct,chain-of-thought,false,7,49,0,7,true,521.0,4888.800000667572
C9YrfhUS2lK,Qwen 2.5 3B Instruct,few-shot,false,7,49,0,7,true,686.0,4888.800000667572
C9YrfhUS2lK,Qwen 2.5 3B Instruct,zero-shot,false,7,49,0,7,true,3090.0,4888.800000667572
CrGk9SDpNHM,Gemma-SEA-LION v4 4B,zero-shot,false,18,378,0,21,true,1027.6,24006.600048065186
CrGk9SDpNHM,Llama 3.2 3B Instruct,chain-of-thought,false,11,231,0,21,true,1932.4,14670.700029373169
CrGk9SDpNHM,Llama 3.2 3B Instruct,few-shot,false,14,294,0,21,true,660.0,18671.800037384033
CrGk9SDpNHM,Llama 3.2 3B Instruct,structured-output,false,15,315,0,21,true,3901.5,20005.50004005432
CrGk9SDpNHM,Llama 3.2 3B Instruct,zero-shot,false,13,273,0,21,true,452.3,17338.100034713745
CrGk9SDpNHM,MedGemma 4B,chain-of-thought,false,15,315,0,21,true,2952.0,20005.50004005432
CrGk9SDpNHM,MedGemma 4B,few-shot,false,11,231,0,21,true,754.0,14670.700029373169
CrGk9SDpNHM,MedGemma 4B,structured-output,false,11,231,0,21,true,286.4,14670.700029373169
CrGk9SDpNHM,MedGemma 4B,zero-shot,false,13,273,0,21,true,1088.0,17338.100034713745
CrGk9SDpNHM,Phi-4-mini 3.8B Instruct,few-shot,false,12,252,0,21,true,554.0,16004.400032043457
CrGk9SDpNHM,Phi-4-mini 3.8B Instruct,structured-output,false,7,147,0,21,true,330.0,9335.900018692017
CrGk9SDpNHM,Qwen 2.5 3B Instruct,chain-of-thought,false,14,294,0,21,true,970.0,18671.800037384033
CrGk9SDpNHM,Qwen 2.5 3B Instruct,few-shot,false,9,189,0,21,true,674.0,12003.300024032593
CrGk9SDpNHM,Qwen 2.5 3B Instruct,structured-output,false,10,210,0,21,true,0.0,13337.00002670288
CrGk9SDpNHM,Qwen 2.5 3B Instruct,zero-shot,false,13,273,0,21,true,487.4,17338.100034713745
Ct0jllVrFj4,Gemma-SEA-LION v4 4B,few-shot,false,12,192,0,16,true,657.0,27885.60008239746
Ct0jllVrFj4,Gemma-SEA-LION v4 4B,structured-output,false,13,208,0,16,true,1164.0,30209.400089263916
Ct0jllVrFj4,Gemma-SEA-LION v4 4B,zero-shot,false,16,256,0,16,true,7712.4,37180.80010986328
Ct0jllVrFj4,Llama 3.2 3B Instruct,chain-of-thought,false,13,208,0,16,true,10320.0,30209.400089263916
Ct0jllVrFj4,Llama 3.2 3B Instruct,few-shot,false,11,176,0,16,true,397.0,25561.800075531006
Ct0jllVrFj4,Llama 3.2 3B Instruct,structured-output,false,10,160,0,16,true,956.0,23238.00006866455
Ct0jllVrFj4,Llama 3.2 3B Instruct,zero-shot,false,16,256,0,16,true,0.0,37180.80010986328
Ct0jllVrFj4,MedGemma 4B,chain-of-thought,false,16,256,0,16,true,0.0,37180.80010986328
Ct0jllVrFj4,MedGemma 4B,few-shot,false,12,192,0,16,true,891.0,27885.60008239746
Ct0jllVrFj4,MedGemma 4B,structured-output,false,7,112,0,16,true,311.4,16266.600048065186
Ct0jllVrFj4,MedGemma 4B,zero-shot,false,14,224,0,16,true,4360.0,32533.20009613037
Ct0jllVrFj4,Phi-4-mini 3.8B Instruct,few-shot,false,11,176,0,16,true,570.0,25561.800075531006
Ct0jllVrFj4,Phi-4-mini 3.8B Instruct,structured-output,false,11,176,0,16,true,988.2,25561.800075531006
Ct0jllVrFj4,Phi-4-mini 3.8B Instruct,zero-shot,false,14,224,0,16,true,3383.0,32533.20009613037
Ct0jllVrFj4,Qwen 2.5 3B Instruct,chain-of-thought,false,15,240,0,16,true,368.2,34857.000102996826
Ct0jllVrFj4,Qwen 2.5 3B Instruct,few-shot,false,13,208,0,16,true,1447.5,30209.400089263916
Ct0jllVrFj4,Qwen 2.5 3B Instruct,structured-output,false,11,176,0,16,true,665.0,25561.800075531006
CveBqfspTjD,Gemma-SEA-LION v4 4B,chain-of-thought,false,10,140,0,14,true,386.6,7248.000068664551
CveBqfspTjD,Gemma-SEA-LION v4 4B,few-shot,false,10,140,0,14,true,1888.0,7248.000068664551
CveBqfspTjD,Gemma-SEA-LION v4 4B,structured-output,false,6,84,0,14,true,182.1,4348.8000411987305
CveBqfspTjD,Gemma-SEA-LION v4 4B,zero-shot,false,9,126,0,14,true,1444.0,6523.200061798096
CveBqfspTjD,Llama 3.2 3B Instruct,few-shot,false,10,140,0,14,true,1813.0,7248.000068664551
CveBqfspTjD,Llama 3.2 3B Instruct,structured-output,false,7,98,0,14,true,688.0,5073.600048065186
CveBqfspTjD,Llama 3.2 3B Instruct,zero-shot,false,17,238,0,14,true,4227.0,12321.600116729736
CveBqfspTjD,MedGemma 4B,chain-of-thought,false,11,154,0,14,true,580.0,7972.800075531006
CveBqfspTjD,MedGemma 4B,few-shot,false,10,140,0,14,true,810.0,7248.000068664551
CveBqfspTjD,MedGemma 4B,structured-output,false,11,154,0,14,true,526.4,7972.800075531006
CveBqfspTjD,MedGemma 4B,zero-shot,false,11,154,0,14,true,910.0,7972.800075531006
CveBqfspTjD,Phi-4-mini 3.8B Instruct,chain-of-thought,false,9,126,0,14,true,760.0,6523.200061798096
CveBqfspTjD,Phi-4-mini 3.8B Instruct,few-shot,false,12,168,0,14,true,799.0,8697.600082397461
CveBqfspTjD,Phi-4-mini 3.8B Instruct,structured-output,false,5,70,0,14,true,320.5,3624.0000343322754
CveBqfspTjD,Phi-4-mini 3.8B Instruct,zero-shot,false,12,168,0,14,true,785.1,8697.600082397461
CveBqfspTjD,Qwen 2.5 3B Instruct,chain-of-thought,false,10,140,0,14,true,457.4,7248.000068664551
CveBqfspTjD,Qwen 2.5 3B Instruct,few-shot,false,8,112,0,14,true,1123.0,5798.400054931641
CveBqfspTjD,Qwen 2.5 3B Instruct,structured-output,false,11,154,0,14,true,954.0,7972.800075531006
CveBqfspTjD,Qwen 2.5 3B Instruct,zero-shot,false,11,154,0,14,true,745.0,7972.800075531006
CvyhUe2OHtM,Gemma-SEA-LION v4 4B,chain-of-thought,false,10,120,0,12,true,320.0,7101.00004196167
CvyhUe2OHtM,Gemma-SEA-LION v4 4B,few-shot,false,17,204,0,12,true,1452.0,12071.700071334839
CvyhUe2OHtM,Gemma-SEA-LION v4 4B,structured-output,false,9,108,0,12,true,1072.0,6390.900037765503
CvyhUe2OHtM,Gemma-SEA-LION v4 4B,zero-shot,false,20,240,0,12,true,475.1,14202.00008392334
CvyhUe2OHtM,Llama 3.2 3B Instruct,chain-of-thought,false,7,84,0,12,true,261.0,4970.700029373169
CvyhUe2OHtM,Llama 3.2 3B Instruct,few-shot,false,12,144,0,12,true,510.0,8521.200050354004
CvyhUe2OHtM,Llama 3.2 3B Instruct,structured-output,false,10,120,0,12,true,306.0,7101.00004196167
CvyhUe2OHtM,Llama 3.2 3B Instruct,zero-shot,false,11,132,0,12,true,768.8,7811.100046157837
CvyhUe2OHtM,MedGemma 4B,chain-of-thought,false,10,120,0,12,true,698.8,7101.00004196167
CvyhUe2OHtM,MedGemma 4B,few-shot,false,10,120,0,12,true,577.0,7101.00004196167
CvyhUe2OHtM,MedGemma 4B,structured-output,false,10,120,0,12,true,470.0,7101.00004196167
CvyhUe2OHtM,MedGemma 4B,zero-shot,false,11,132,0,12,true,1523.0,7811.100046157837
CvyhUe2OHtM,Phi-4-mini 3.8B Instruct,chain-of-thought,false,12,144,0,12,true,780.6,8521.200050354004
CvyhUe2OHtM,Phi-4-mini 3.8B Instruct,few-shot,false,11,132,0,12,true,1059.0,7811.100046157837
CvyhUe2OHtM,Phi-4-mini 3.8B Instruct,structured-output,false,9,108,0,12,true,439.0,6390.900037765503
CvyhUe2OHtM,Phi-4-mini 3.8B Instruct,zero-shot,false,11,132,0,12,true,701.5,7811.100046157837
CvyhUe2OHtM,Qwen 2.5 3B Instruct,chain-of-thought,false,10,120,0,12,true,466.6,7101.00004196167
CvyhUe2OHtM,Qwen 2.5 3B Instruct,few-shot,false,10,120,0,12,true,682.0,7101.00004196167
CvyhUe2OHtM,Qwen 2.5 3B Instruct,structured-output,false,9,108,0,12,true,257.2,6390.900037765503
CvyhUe2OHtM,Qwen 2.5 3B Instruct,zero-shot,false,11,132,0,12,true,403.0,7811.100046157837
CxReOIZSoIV,Gemma-SEA-LION v4 4B,few-shot,false,9,54,0,6,true,2311.0,15516.90005493164
CxReOIZSoIV,Gemma-SEA-LION v4 4B,structured-output,false,6,36,0,6,true,4406.0,10344.600036621094
CxReOIZSoIV,Gemma-SEA-LION v4 4B,zero-shot,false,8,48,0,6,true,365.0,13792.800048828125
CxReOIZSoIV,Llama 3.2 3B Instruct,chain-of-thought,false,6,36,0,6,true,3575.0,10344.600036621094
CxReOIZSoIV,Llama 3.2 3B Instruct,few-shot,false,8,48,0,6,true,1124.0,13792.800048828125
CxReOIZSoIV,Llama 3.2 3B Instruct,structured-output,false,5,30,0,6,true,3337.0,8620.500030517578
CxReOIZSoIV,Llama 3.2 3B Instruct,zero-shot,false,7,42,0,6,true,2375.0,12068.70004272461
CxReOIZSoIV,MedGemma 4B,chain-of-thought,false,7,42,0,6,true,1298.0,12068.70004272461
CxReOIZSoIV,MedGemma 4B,few-shot,false,6,36,0,6,true,816.0,10344.600036621094
CxReOIZSoIV,MedGemma 4B,structured-output,false,7,42,0,6,true,1530.0,12068.70004272461
CxReOIZSoIV,Phi-4-mini 3.8B Instruct,chain-of-thought,false,6,36,0,6,true,840.0,10344.600036621094
CxReOIZSoIV,Phi-4-mini 3.8B Instruct,few-shot,false,7,42,0,6,true,1683.0,12068.70004272461
CxReOIZSoIV,Phi-4-mini 3.8B Instruct,structured-output,false,7,42,0,6,true,575.0,12068.70004272461
CxReOIZSoIV,Qwen 2.5 3B Instruct,chain-of-thought,false,7,42,0,6,true,1042.5,12068.70004272461
CxReOIZSoIV,Qwen 2.5 3B Instruct,few-shot,false,8,48,0,6,true,2612.0,13792.800048828125
CxReOIZSoIV,Qwen 2.5 3B Instruct,zero-shot,false,7,42,0,6,true,4140.0,12068.70004272461
CzTIQqfL2xY,Gemma-SEA-LION v4 4B,chain-of-thought,false,12,216,0,18,true,377.7,14276.400072097778
CzTIQqfL2xY,Gemma-SEA-LION v4 4B,few-shot,false,11,198,0,18,true,1777.0,13086.70006608963
CzTIQqfL2xY,Gemma-SEA-LION v4 4B,structured-output,false,12,216,0,18,true,1773.2,14276.400072097778
CzTIQqfL2xY,Gemma-SEA-LION v4 4B,zero-shot,false,10,180,0,18,true,846.0,11897.000060081482
CzTIQqfL2xY,Llama 3.2 3B Instruct,chain-of-thought,false,7,126,0,18,true,693.2,8327.900042057037
CzTIQqfL2xY,Llama 3.2 3B Instruct,few-shot,false,12,216,0,18,true,706.0,14276.400072097778
CzTIQqfL2xY,Llama 3.2 3B Instruct,structured-output,false,4,72,0,18,true,530.0,4758.800024032593
CzTIQqfL2xY,Llama 3.2 3B Instruct,zero-shot,false,12,216,0,18,true,924.0,14276.400072097778
CzTIQqfL2xY,MedGemma 4B,chain-of-thought,false,9,162,0,18,true,473.6,10707.300054073334
CzTIQqfL2xY,MedGemma 4B,few-shot,false,9,162,0,18,true,2800.8,10707.300054073334
CzTIQqfL2xY,MedGemma 4B,structured-output,false,11,198,0,18,true,375.9,13086.70006608963
CzTIQqfL2xY,MedGemma 4B,zero-shot,false,13,234,0,18,true,276.5,15466.100078105927
CzTIQqfL2xY,Phi-4-mini 3.8B Instruct,chain-of-thought,false,18,324,0,18,true,1269.2,21414.600108146667
CzTIQqfL2xY,Phi-4-mini 3.8B Instruct,few-shot,false,12,216,0,18,true,915.0,14276.400072097778
CzTIQqfL2xY,Phi-4-mini 3.8B Instruct,structured-output,false,5,90,0,18,true,660.0,5948.500030040741
CzTIQqfL2xY,Phi-4-mini 3.8B Instruct,zero-shot,false,14,252,0,18,true,626.2,16655.800084114075
CzTIQqfL2xY,Qwen 2.5 3B Instruct,chain-of-thought,false,11,198,0,18,true,365.0,13086.70006608963
CzTIQqfL2xY,Qwen 2.5 3B Instruct,few-shot,false,12,216,0,18,true,1128.0,14276.400072097778
CzTIQqfL2xY,Qwen 2.5 3B Instruct,structured-output,false,4,72,0,18,true,98.6,4758.800024032593
CzTIQqfL2xY,Qwen 2.5 3B Instruct,zero-shot,false,13,234,0,18,true,960.0,15466.100078105927
C_9nDkNOgWS,Gemma-SEA-LION v4 4B,chain-of-thought,false,5,55,0,11,true,450.0,7296.500015258789
C_9nDkNOgWS,Gemma-SEA-LION v4 4B,few-shot,false,8,88,0,11,true,1171.0,11674.400024414062
C_9nDkNOgWS,Gemma-SEA-LION v4 4B,structured-output,false,5,55,0,11,true,970.0,7296.500015258789
C_9nDkNOgWS,Gemma-SEA-LION v4 4B,zero-shot,false,8,88,0,11,true,3635.5,11674.400024414062
C_9nDkNOgWS,Llama 3.2 3B Instruct,chain-of-thought,false,6,66,0,11,true,2732.0,8755.800018310547
C_9nDkNOgWS,Llama 3.2 3B Instruct,few-shot,false,8,88,0,11,true,1215.0,11674.400024414062
C_9nDkNOgWS,Llama 3.2 3B Instruct,structured-output,false,5,55,0,11,true,1050.0,7296.500015258789
C_9nDkNOgWS,Llama 3.2 3B Instruct,zero-shot,false,8,88,0,11,true,3502.0,11674.400024414062
C_9nDkNOgWS,MedGemma 4B,chain-of-thought,false,8,88,0,11,true,600.0,11674.400024414062
C_9nDkNOgWS,MedGemma 4B,few-shot,false,8,88,0,11,true,964.0,11674.400024414062
C_9nDkNOgWS,MedGemma 4B,structured-output,false,9,99,0,11,true,2106.0,13133.70002746582
C_9nDkNOgWS,MedGemma 4B,zero-shot,false,11,121,0,11,true,1063.3,16052.300033569336
C_9nDkNOgWS,Phi-4-mini 3.8B Instruct,chain-of-thought,false,8,88,0,11,true,1616.4,11674.400024414062
C_9nDkNOgWS,Phi-4-mini 3.8B Instruct,few-shot,false,8,88,0,11,true,1205.0,11674.400024414062
C_9nDkNOgWS,Phi-4-mini 3.8B Instruct,structured-output,false,8,88,0,11,true,3120.0,11674.400024414062
C_9nDkNOgWS,Phi-4-mini 3.8B Instruct,zero-shot,false,8,88,0,11,true,1532.7,11674.400024414062
C_9nDkNOgWS,Qwen 2.5 3B Instruct,chain-of-thought,false,9,99,0,11,true,826.0,13133.70002746582
C_9nDkNOgWS,Qwen 2.5 3B Instruct,few-shot,false,8,88,0,11,true,1335.0,11674.400024414062
C_9nDkNOgWS,Qwen 2.5 3B Instruct,structured-output,false,8,88,0,11,true,1917.4,11674.400024414062
C_9nDkNOgWS,Qwen 2.5 3B Instruct,zero-shot,false,8,88,0,11,true,16094.2,11674.400024414062
DCIwgyWvR4-,Gemma-SEA-LION v4 4B,chain-of-thought,false,4,24,0,6,true,340.6,2412.0
DCIwgyWvR4-,Gemma-SEA-LION v4 4B,few-shot,false,6,36,0,6,true,841.0,3618.0
DCIwgyWvR4-,Gemma-SEA-LION v4 4B,structured-output,false,4,24,0,6,true,588.7,2412.0
DCIwgyWvR4-,Gemma-SEA-LION v4 4B,zero-shot,false,6,36,0,6,true,2353.5,3618.0
DCIwgyWvR4-,Llama 3.2 3B Instruct,chain-of-thought,false,5,30,0,6,true,381.3,3015.0
DCIwgyWvR4-,Llama 3.2 3B Instruct,few-shot,false,6,36,0,6,true,461.0,3618.0
DCIwgyWvR4-,Llama 3.2 3B Instruct,structured-output,false,5,30,0,6,true,852.6,3015.0
DCIwgyWvR4-,Llama 3.2 3B Instruct,zero-shot,false,6,36,0,6,true,564.5,3618.0
DCIwgyWvR4-,MedGemma 4B,few-shot,false,8,48,0,6,true,695.0,4824.0
DCIwgyWvR4-,MedGemma 4B,structured-output,false,5,30,0,6,true,1041.6,3015.0
DCIwgyWvR4-,MedGemma 4B,zero-shot,false,7,42,0,6,true,1438.8,4221.0
DCIwgyWvR4-,Phi-4-mini 3.8B Instruct,chain-of-thought,false,4,24,0,6,true,2270.8,2412.0
DCIwgyWvR4-,Phi-4-mini 3.8B Instruct,few-shot,false,6,36,0,6,true,578.7,3618.0
DCIwgyWvR4-,Phi-4-mini 3.8B Instruct,structured-output,false,7,42,0,6,true,1355.0,4221.0
DCIwgyWvR4-,Phi-4-mini 3.8B Instruct,zero-shot,false,4,24,0,6,true,395.6,2412.0
DCIwgyWvR4-,Qwen 2.5 3B Instruct,few-shot,false,7,42,0,6,true,783.0,4221.0
DCIwgyWvR4-,Qwen 2.5 3B Instruct,structured-output,false,5,30,0,6,true,825.6,3015.0
DCIwgyWvR4-,Qwen 2.5 3B Instruct,zero-shot,false,5,30,0,6,true,327.4,3015.0
DDQnLI_zd75,Gemma-SEA-LION v4 4B,chain-of-thought,false,4,12,0,3,true,514.8,1980.0
DDQnLI_zd75,Gemma-SEA-LION v4 4B,few-shot,false,4,12,0,3,true,705.0,1980.0
DDQnLI_zd75,Gemma-SEA-LION v4 4B,structured-output,false,3,9,0,3,true,1470.0,1485.0
DDQnLI_zd75,Gemma-SEA-LION v4 4B,zero-shot,false,3,9,0,3,true,390.0,1485.0
DDQnLI_zd75,Llama 3.2 3B Instruct,chain-of-thought,false,3,9,0,3,true,185.0,1485.0
DDQnLI_zd75,Llama 3.2 3B Instruct,few-shot,false,4,12,0,3,true,3640.0,1980.0
DDQnLI_zd75,Llama 3.2 3B Instruct,structured-output,false,3,9,0,3,true,410.0,1485.0
DDQnLI_zd75,Llama 3.2 3B Instruct,zero-shot,false,3,9,0,3,true,195.5,1485.0
DDQnLI_zd75,MedGemma 4B,chain-of-thought,false,4,12,0,3,true,509.8,1980.0
DDQnLI_zd75,MedGemma 4B,few-shot,false,3,9,0,3,true,706.0,1485.0
DDQnLI_zd75,MedGemma 4B,structured-output,false,3,9,0,3,true,1121.2,1485.0
DDQnLI_zd75,MedGemma 4B,zero-shot,false,3,9,0,3,true,481.5,1485.0
DDQnLI_zd75,Phi-4-mini 3.8B Instruct,chain-of-thought,false,3,9,0,3,true,398.0,1485.0
DDQnLI_zd75,Phi-4-mini 3.8B Instruct,few-shot,false,3,9,0,3,true,155.0,1485.0
DDQnLI_zd75,Phi-4-mini 3.8B Instruct,structured-output,false,4,12,0,3,true,572.0,1980.0
DDQnLI_zd75,Qwen 2.5 3B Instruct,few-shot,false,3,9,0,3,true,573.0,1485.0
DDQnLI_zd75,Qwen 2.5 3B Instruct,zero-shot,false,3,9,0,3,true,435.0,1485.0
DE13y7pT_jx,Gemma-SEA-LION v4 4B,chain-of-thought,false,9,117,0,13,true,4879.8,36285.300006866455
DE13y7pT_jx,Gemma-SEA-LION v4 4B,few-shot,false,10,130,0,13,true,6307.0,40317.000007629395
DE13y7pT_jx,Gemma-SEA-LION v4 4B,structured-output,false,8,104,0,13,true,4599.0,32253.600006103516
DE13y7pT_jx,Llama 3.2 3B Instruct,chain-of-thought,false,10,130,0,13,true,4408.3,40317.000007629395
DE13y7pT_jx,Llama 3.2 3B Instruct,few-shot,false,9,117,0,13,true,3750.0,36285.300006866455
DE13y7pT_jx,Llama 3.2 3B Instruct,structured-output,false,9,117,0,13,true,7093.5,36285.300006866455
DE13y7pT_jx,Llama 3.2 3B Instruct,zero-shot,false,11,143,0,13,true,11574.6,44348.700008392334
DE13y7pT_jx,MedGemma 4B,chain-of-thought,false,10,130,0,13,true,59262.0,40317.000007629395
DE13y7pT_jx,MedGemma 4B,few-shot,false,10,130,0,13,true,2720.0,40317.000007629395
DE13y7pT_jx,MedGemma 4B,structured-output,false,10,130,0,13,true,4319.5,40317.000007629395
DE13y7pT_jx,Phi-4-mini 3.8B Instruct,chain-of-thought,false,10,130,0,13,true,3237.0,40317.000007629395
DE13y7pT_jx,Phi-4-mini 3.8B Instruct,few-shot,false,11,143,0,13,true,3996.0,44348.700008392334
DE13y7pT_jx,Phi-4-mini 3.8B Instruct,zero-shot,false,12,156,0,13,true,10767.3,48380.40000915527
DE13y7pT_jx,Qwen 2.5 3B Instruct,chain-of-thought,false,10,130,0,13,true,9021.0,40317.000007629395
DE13y7pT_jx,Qwen 2.5 3B Instruct,few-shot,false,9,117,0,13,true,29666.0,36285.300006866455
DE13y7pT_jx,Qwen 2.5 3B Instruct,structured-output,false,10,130,0,13,true,6799.3,40317.000007629395
DElwUdQz-v2,Gemma-SEA-LION v4 4B,chain-of-thought,false,10,140,0,14,true,0.0,8201.99997663498
DElwUdQz-v2,Gemma-SEA-LION v4 4B,few-shot,false,10,140,0,14,true,1405.0,8201.99997663498
DElwUdQz-v2,Gemma-SEA-LION v4 4B,structured-output,false,9,126,0,14,true,305.7,7381.799978971481
DElwUdQz-v2,Gemma-SEA-LION v4 4B,zero-shot,false,11,154,0,14,true,220.3,9022.199974298477
DElwUdQz-v2,Llama 3.2 3B Instruct,chain-of-thought,false,11,154,0,14,true,474.0,9022.199974298477
DElwUdQz-v2,Llama 3.2 3B Instruct,few-shot,false,12,168,0,14,true,549.0,9842.399971961975
DElwUdQz-v2,Llama 3.2 3B Instruct,structured-output,false,6,84,0,14,true,165.0,4921.199985980988
DElwUdQz-v2,Llama 3.2 3B Instruct,zero-shot,false,12,168,0,14,true,1008.0,9842.399971961975
DElwUdQz-v2,MedGemma 4B,chain-of-thought,false,9,126,0,14,true,186.0,7381.799978971481
DElwUdQz-v2,MedGemma 4B,few-shot,false,10,140,0,14,true,513.0,8201.99997663498
DElwUdQz-v2,MedGemma 4B,structured-output,false,4,56,0,14,true,464.8,3280.7999906539917
DElwUdQz-v2,MedGemma 4B,zero-shot,false,7,98,0,14,true,1995.0,5741.3999836444855
DElwUdQz-v2,Phi-4-mini 3.8B Instruct,chain-of-thought,false,10,140,0,14,true,404.5,8201.99997663498
DElwUdQz-v2,Phi-4-mini 3.8B Instruct,few-shot,false,11,154,0,14,true,1049.9,9022.199974298477
DElwUdQz-v2,Phi-4-mini 3.8B Instruct,zero-shot,false,7,98,0,14,true,2338.0,5741.3999836444855
DElwUdQz-v2,Qwen 2.5 3B Instruct,chain-of-thought,false,14,196,0,14,true,1124.0,11482.799967288971
DElwUdQz-v2,Qwen 2.5 3B Instruct,few-shot,false,15,210,0,14,true,7554.4,12302.999964952469
DElwUdQz-v2,Qwen 2.5 3B Instruct,structured-output,false,12,168,0,14,true,313.0,9842.399971961975
DElwUdQz-v2,Qwen 2.5 3B Instruct,zero-shot,false,9,126,0,14,true,707.6,7381.799978971481
DF4Fc8TTel4,Gemma-SEA-LION v4 4B,chain-of-thought,false,9,81,0,9,true,458.0,33809.39991760254
DF4Fc8TTel4,Gemma-SEA-LION v4 4B,few-shot,false,9,81,0,9,true,1839.0,33809.39991760254
DF4Fc8TTel4,Gemma-SEA-LION v4 4B,structured-output,false,8,72,0,9,true,1896.7,30052.799926757812
DF4Fc8TTel4,Llama 3.2 3B Instruct,chain-of-thought,false,9,81,0,9,true,3500.0,33809.39991760254
DF4Fc8TTel4,Llama 3.2 3B Instruct,few-shot,false,9,81,0,9,true,2517.0,33809.39991760254
DF4Fc8TTel4,Llama 3.2 3B Instruct,zero-shot,false,9,81,0,9,true,5070.0,33809.39991760254
DF4Fc8TTel4,MedGemma 4B,chain-of-thought,false,7,63,0,9,true,2429.0,26296.199935913086
DF4Fc8TTel4,MedGemma 4B,few-shot,false,7,63,0,9,true,5054.0,26296.199935913086
DF4Fc8TTel4,MedGemma 4B,structured-output,false,8,72,0,9,true,4584.0,30052.799926757812
DF4Fc8TTel4,MedGemma 4B,zero-shot,false,9,81,0,9,true,3482.0,33809.39991760254
DF4Fc8TTel4,Phi-4-mini 3.8B Instruct,chain-of-thought,false,1,9,0,9,true,462.0,3756.5999908447266
DF4Fc8TTel4,Phi-4-mini 3.8B Instruct,few-shot,false,8,72,0,9,true,1671.0,30052.799926757812
DF4Fc8TTel4,Phi-4-mini 3.8B Instruct,structured-output,false,8,72,0,9,true,2280.0,30052.799926757812
DF4Fc8TTel4,Qwen 2.5 3B Instruct,chain-of-thought,false,8,72,0,9,true,3967.7,30052.799926757812
DF4Fc8TTel4,Qwen 2.5 3B Instruct,few-shot,false,9,81,0,9,true,4106.0,33809.39991760254
DF4Fc8TTel4,Qwen 2.5 3B Instruct,structured-output,false,8,72,0,9,true,3600.0,30052.799926757812
DF4Fc8TTel4,Qwen 2.5 3B Instruct,zero-shot,false,9,81,0,9,true,0.0,33809.39991760254
DGuVfoxTYDz,Gemma-SEA-LION v4 4B,few-shot,false,6,60,0,10,true,284.0,5537.400020599365
DGuVfoxTYDz,Gemma-SEA-LION v4 4B,structured-output,false,5,50,0,10,true,320.0,4614.500017166138
DGuVfoxTYDz,Gemma-SEA-LION v4 4B,zero-shot,false,2,20,0,10,true,67.7,1845.800006866455
DGuVfoxTYDz,Llama 3.2 3B Instruct,few-shot,false,4,40,0,10,true,436.0,3691.60001373291
DGuVfoxTYDz,Llama 3.2 3B Instruct,zero-shot,false,2,20,0,10,true,400.0,1845.800006866455
DGuVfoxTYDz,MedGemma 4B,chain-of-thought,false,6,60,0,10,true,807.6,5537.400020599365
DGuVfoxTYDz,MedGemma 4B,few-shot,false,5,50,0,10,true,517.0,4614.500017166138
DGuVfoxTYDz,MedGemma 4B,zero-shot,false,6,60,0,10,true,362.4,5537.400020599365
DGuVfoxTYDz,Phi-4-mini 3.8B Instruct,chain-of-thought,false,5,50,0,10,true,448.0,4614.500017166138
DGuVfoxTYDz,Phi-4-mini 3.8B Instruct,few-shot,false,4,40,0,10,true,260.0,3691.60001373291
DGuVfoxTYDz,Phi-4-mini 3.8B Instruct,structured-output,false,4,40,0,10,true,91.2,3691.60001373291
DGuVfoxTYDz,Phi-4-mini 3.8B Instruct,zero-shot,false,5,50,0,10,true,202.3,4614.500017166138
DGuVfoxTYDz,Qwen 2.5 3B Instruct,chain-of-thought,false,5,50,0,10,true,1984.0,4614.500017166138
DGuVfoxTYDz,Qwen 2.5 3B Instruct,few-shot,false,6,60,0,10,true,553.0,5537.400020599365
DGuVfoxTYDz,Qwen 2.5 3B Instruct,structured-output,false,5,50,0,10,true,2242.6,4614.500017166138
DGuVfoxTYDz,Qwen 2.5 3B Instruct,zero-shot,false,6,60,0,10,true,675.0,5537.400020599365
DGw2dWCzWyw,Gemma-SEA-LION v4 4B,chain-of-thought,false,4,28,0,7,true,0.0,3111.5999755859375
DGw2dWCzWyw,Gemma-SEA-LION v4 4B,few-shot,false,6,42,0,7,true,645.0,4667.399963378906
DGw2dWCzWyw,Gemma-SEA-LION v4 4B,structured-output,false,3,21,0,7,true,630.5,2333.699981689453
DGw2dWCzWyw,Gemma-SEA-LION v4 4B,zero-shot,false,3,21,0,7,true,530.0,2333.699981689453
DGw2dWCzWyw,Llama 3.2 3B Instruct,few-shot,false,3,21,0,7,true,467.0,2333.699981689453
DGw2dWCzWyw,Llama 3.2 3B Instruct,structured-output,false,4,28,0,7,true,327.0,3111.5999755859375
DGw2dWCzWyw,Llama 3.2 3B Instruct,zero-shot,false,4,28,0,7,true,106.4,3111.5999755859375
DGw2dWCzWyw,MedGemma 4B,chain-of-thought,false,2,14,0,7,true,320.6,1555.7999877929688
DGw2dWCzWyw,MedGemma 4B,few-shot,false,5,35,0,7,true,605.0,3889.499969482422
DGw2dWCzWyw,MedGemma 4B,zero-shot,false,4,28,0,7,true,1106.8,3111.5999755859375
DGw2dWCzWyw,Phi-4-mini 3.8B Instruct,few-shot,false,5,35,0,7,true,514.0,3889.499969482422
DGw2dWCzWyw,Phi-4-mini 3.8B Instruct,structured-output,false,4,28,0,7,true,314.0,3111.5999755859375
DGw2dWCzWyw,Phi-4-mini 3.8B Instruct,zero-shot,false,4,28,0,7,true,215.0,3111.5999755859375
DGw2dWCzWyw,Qwen 2.5 3B Instruct,chain-of-thought,false,2,14,0,7,true,540.0,1555.7999877929688
DGw2dWCzWyw,Qwen 2.5 3B Instruct,few-shot,false,5,35,0,7,true,270.0,3889.499969482422
DGw2dWCzWyw,Qwen 2.5 3B Instruct,structured-output,false,5,35,0,7,true,138.0,3889.499969482422
DHKfyyITTE8,Gemma-SEA-LION v4 4B,chain-of-thought,false,8,96,0,12,true,766.2,3412.7999877929688
DHKfyyITTE8,Gemma-SEA-LION v4 4B,few-shot,false,10,120,0,12,true,651.0,4265.999984741211
DHKfyyITTE8,Gemma-SEA-LION v4 4B,structured-output,false,10,120,0,12,true,0.0,4265.999984741211
DHKfyyITTE8,Gemma-SEA-LION v4 4B,zero-shot,false,9,108,0,12,true,370.0,3839.39998626709
DHKfyyITTE8,Llama 3.2 3B Instruct,chain-of-thought,false,10,120,0,12,true,1530.0,4265.999984741211
DHKfyyITTE8,Llama 3.2 3B Instruct,few-shot,false,10,120,0,12,true,732.0,4265.999984741211
DHKfyyITTE8,Llama 3.2 3B Instruct,structured-output,false,10,120,0,12,true,172.9,4265.999984741211
DHKfyyITTE8,Llama 3.2 3B Instruct,zero-shot,false,10,120,0,12,true,386.1,4265.999984741211
DHKfyyITTE8,MedGemma 4B,chain-of-thought,false,9,108,0,12,true,254.0,3839.39998626709
DHKfyyITTE8,MedGemma 4B,few-shot,false,10,120,0,12,true,714.0,4265.999984741211
DHKfyyITTE8,MedGemma 4B,structured-output,false,9,108,0,12,true,349.0,3839.39998626709
DHKfyyITTE8,MedGemma 4B,zero-shot,false,8,96,0,12,true,215.5,3412.7999877929688
DHKfyyITTE8,Phi-4-mini 3.8B Instruct,chain-of-thought,false,10,120,0,12,true,580.0,4265.999984741211
DHKfyyITTE8,Phi-4-mini 3.8B Instruct,few-shot,false,9,108,0,12,true,603.0,3839.39998626709
DHKfyyITTE8,Phi-4-mini 3.8B Instruct,structured-output,false,10,120,0,12,true,232.0,4265.999984741211
DHKfyyITTE8,Phi-4-mini 3.8B Instruct,zero-shot,false,11,132,0,12,true,435.9,4692.599983215332
DHKfyyITTE8,Qwen 2.5 3B Instruct,chain-of-thought,false,9,108,0,12,true,650.0,3839.39998626709
DHKfyyITTE8,Qwen 2.5 3B Instruct,few-shot,false,11,132,0,12,true,686.2,4692.599983215332
DHm89ozTqeU,Gemma-SEA-LION v4 4B,few-shot,false,5,20,0,4,true,840.0,4496.999969482422
DHm89ozTqeU,Gemma-SEA-LION v4 4B,structured-output,false,4,16,0,4,true,410.0,3597.5999755859375
DHm89ozTqeU,Llama 3.2 3B Instruct,chain-of-thought,false,5,20,0,4,true,480.0,4496.999969482422
DHm89ozTqeU,Llama 3.2 3B Instruct,few-shot,false,5,20,0,4,true,1024.0,4496.999969482422
DHm89ozTqeU,Llama 3.2 3B Instruct,zero-shot,false,4,16,0,4,true,147.5,3597.5999755859375
DHm89ozTqeU,MedGemma 4B,few-shot,false,5,20,0,4,true,618.0,4496.999969482422
DHm89ozTqeU,MedGemma 4B,structured-output,false,4,16,0,4,true,764.0,3597.5999755859375
DHm89ozTqeU,MedGemma 4B,zero-shot,false,4,16,0,4,true,3100.0,3597.5999755859375
DHm89ozTqeU,Phi-4-mini 3.8B Instruct,chain-of-thought,false,4,16,0,4,true,1650.0,3597.5999755859375
DHm89ozTqeU,Phi-4-mini 3.8B Instruct,few-shot,false,6,24,0,4,true,1331.0,5396.399963378906
DHm89ozTqeU,Phi-4-mini 3.8B Instruct,structured-output,false,2,8,0,4,true,114.3,1798.7999877929688
DHm89ozTqeU,Phi-4-mini 3.8B Instruct,zero-shot,false,4,16,0,4,true,2002.0,3597.5999755859375
DHm89ozTqeU,Qwen 2.5 3B Instruct,chain-of-thought,false,3,12,0,4,true,285.0,2698.199981689453
DHm89ozTqeU,Qwen 2.5 3B Instruct,few-shot,false,6,24,0,4,true,1320.0,5396.399963378906
DHm89ozTqeU,Qwen 2.5 3B Instruct,structured-output,false,4,16,0,4,true,420.0,3597.5999755859375
DIxmuuyz0sC,Gemma-SEA-LION v4 4B,few-shot,false,8,88,0,11,true,1300.0,17039.200196027756
DIxmuuyz0sC,Gemma-SEA-LION v4 4B,structured-output,false,8,88,0,11,true,11.5,17039.200196027756
DIxmuuyz0sC,Gemma-SEA-LION v4 4B,zero-shot,false,11,121,0,11,true,3664.0,23428.900269538164
DIxmuuyz0sC,Llama 3.2 3B Instruct,chain-of-thought,false,5,55,0,11,true,630.1,10649.500122517347
DIxmuuyz0sC,Llama 3.2 3B Instruct,few-shot,false,8,88,0,11,true,1270.0,17039.200196027756
DIxmuuyz0sC,Llama 3.2 3B Instruct,structured-output,false,9,99,0,11,true,366.9,19169.100220531225
DIxmuuyz0sC,Llama 3.2 3B Instruct,zero-shot,false,5,55,0,11,true,3719.7,10649.500122517347
DIxmuuyz0sC,MedGemma 4B,chain-of-thought,false,10,110,0,11,true,2825.0,21299.000245034695
DIxmuuyz0sC,MedGemma 4B,few-shot,false,8,88,0,11,true,1186.8,17039.200196027756
DIxmuuyz0sC,MedGemma 4B,structured-output,false,7,77,0,11,true,5850.1,14909.300171524286
DIxmuuyz0sC,MedGemma 4B,zero-shot,false,9,99,0,11,true,4564.8,19169.100220531225
DIxmuuyz0sC,Phi-4-mini 3.8B Instruct,chain-of-thought,false,9,99,0,11,true,1260.0,19169.100220531225
DIxmuuyz0sC,Phi-4-mini 3.8B Instruct,few-shot,false,8,88,0,11,true,1285.0,17039.200196027756
DIxmuuyz0sC,Phi-4-mini 3.8B Instruct,structured-output,false,6,66,0,11,true,3337.1,12779.400147020817
DIxmuuyz0sC,Phi-4-mini 3.8B Instruct,zero-shot,false,9,99,0,11,true,3670.0,19169.100220531225
DIxmuuyz0sC,Qwen 2.5 3B Instruct,chain-of-thought,false,9,99,0,11,true,2400.0,19169.100220531225
DIxmuuyz0sC,Qwen 2.5 3B Instruct,few-shot,false,8,88,0,11,true,1198.0,17039.200196027756
DIxmuuyz0sC,Qwen 2.5 3B Instruct,structured-output,false,8,88,0,11,true,5564.0,17039.200196027756
DIxmuuyz0sC,Qwen 2.5 3B Instruct,zero-shot,false,13,143,0,11,true,6769.0,27688.700318545103
DNMxd6Lzy1f,Gemma-SEA-LION v4 4B,chain-of-thought,false,10,150,0,15,true,776.0,13190.999994277954
DNMxd6Lzy1f,Gemma-SEA-LION v4 4B,few-shot,false,10,150,0,15,true,778.0,13190.999994277954
DNMxd6Lzy1f,Gemma-SEA-LION v4 4B,structured-output,false,14,210,0,15,true,2575.6,18467.399991989136
DNMxd6Lzy1f,Gemma-SEA-LION v4 4B,zero-shot,false,11,165,0,15,true,1260.8,14510.09999370575
DNMxd6Lzy1f,Llama 3.2 3B Instruct,chain-of-thought,false,9,135,0,15,true,500.8,11871.899994850159
DNMxd6Lzy1f,Llama 3.2 3B Instruct,few-shot,false,9,135,0,15,true,1173.4,11871.899994850159
DNMxd6Lzy1f,Llama 3.2 3B Instruct,structured-output,false,10,150,0,15,true,2060.0,13190.999994277954
DNMxd6Lzy1f,Llama 3.2 3B Instruct,zero-shot,false,11,165,0,15,true,899.6,14510.09999370575
DNMxd6Lzy1f,MedGemma 4B,chain-of-thought,false,11,165,0,15,true,1336.5,14510.09999370575
DNMxd6Lzy1f,MedGemma 4B,few-shot,false,11,165,0,15,true,568.0,14510.09999370575
DNMxd6Lzy1f,MedGemma 4B,structured-output,false,13,195,0,15,true,1488.0,17148.29999256134
DNMxd6Lzy1f,MedGemma 4B,zero-shot,false,12,180,0,15,true,730.8,15829.199993133545
DNMxd6Lzy1f,Phi-4-mini 3.8B Instruct,few-shot,false,9,135,0,15,true,659.0,11871.899994850159
DNMxd6Lzy1f,Phi-4-mini 3.8B Instruct,structured-output,false,10,150,0,15,true,2084.0,13190.999994277954
DNMxd6Lzy1f,Phi-4-mini 3.8B Instruct,zero-shot,false,12,180,0,15,true,0.0,15829.199993133545
DNMxd6Lzy1f,Qwen 2.5 3B Instruct,chain-of-thought,false,11,165,0,15,true,387.0,14510.09999370575
DNMxd6Lzy1f,Qwen 2.5 3B Instruct,few-shot,false,9,135,0,15,true,1373.0,11871.899994850159
DNMxd6Lzy1f,Qwen 2.5 3B Instruct,structured-output,false,10,150,0,15,true,720.6,13190.999994277954
DNMxd6Lzy1f,Qwen 2.5 3B Instruct,zero-shot,false,7,105,0,15,true,340.0,9233.699995994568
DR6OtTFksZm,Gemma-SEA-LION v4 4B,chain-of-thought,false,10,290,0,29,true,5260.0,31865.000076293945
DR6OtTFksZm,Gemma-SEA-LION v4 4B,few-shot,false,14,406,0,29,true,9611.0,44611.00010681152
DR6OtTFksZm,Gemma-SEA-LION v4 4B,zero-shot,false,13,377,0,29,true,1741.2,41424.50009918213
DR6OtTFksZm,Llama 3.2 3B Instruct,few-shot,false,10,290,0,29,true,2897.0,31865.000076293945
DR6OtTFksZm,Llama 3.2 3B Instruct,structured-output,false,7,203,0,29,true,485.0,22305.50005340576
DR6OtTFksZm,Llama 3.2 3B Instruct,zero-shot,false,11,319,0,29,true,5545.0,35051.50008392334
DR6OtTFksZm,MedGemma 4B,chain-of-thought,false,9,261,0,29,true,785.9,28678.50006866455
DR6OtTFksZm,MedGemma 4B,few-shot,false,15,435,0,29,true,4145.0,47797.50011444092
DR6OtTFksZm,MedGemma 4B,structured-output,false,11,319,0,29,true,999.0,35051.50008392334
DR6OtTFksZm,MedGemma 4B,zero-shot,false,10,290,0,29,true,430.7,31865.000076293945
DR6OtTFksZm,Phi-4-mini 3.8B Instruct,chain-of-thought,false,10,290,0,29,true,990.0,31865.000076293945
DR6OtTFksZm,Phi-4-mini 3.8B Instruct,few-shot,false,9,261,0,29,true,980.0,28678.50006866455
DR6OtTFksZm,Phi-4-mini 3.8B Instruct,structured-output,false,5,145,0,29,true,234.6,15932.500038146973
DR6OtTFksZm,Phi-4-mini 3.8B Instruct,zero-shot,false,18,522,0,29,true,1235.0,57357.0001373291
DR6OtTFksZm,Qwen 2.5 3B Instruct,chain-of-thought,false,11,319,0,29,true,3570.0,35051.50008392334
DR6OtTFksZm,Qwen 2.5 3B Instruct,few-shot,false,9,261,0,29,true,1965.0,28678.50006866455
DR6OtTFksZm,Qwen 2.5 3B Instruct,structured-output,false,7,203,0,29,true,324.0,22305.50005340576
DR6OtTFksZm,Qwen 2.5 3B Instruct,zero-shot,false,12,348,0,29,true,2892.2,38238.000091552734
DSuE2wWEfXr,Gemma-SEA-LION v4 4B,few-shot,false,5,35,0,7,true,902.0,6710.999984741211
DSuE2wWEfXr,Gemma-SEA-LION v4 4B,structured-output,false,5,35,0,7,true,4740.0,6710.999984741211
DSuE2wWEfXr,Gemma-SEA-LION v4 4B,zero-shot,false,5,35,0,7,true,5100.0,6710.999984741211
DSuE2wWEfXr,Llama 3.2 3B Instruct,chain-of-thought,false,7,49,0,7,true,495.0,9395.399978637695
DSuE2wWEfXr,Llama 3.2 3B Instruct,few-shot,false,6,42,0,7,true,2780.0,8053.199981689453
DSuE2wWEfXr,Llama 3.2 3B Instruct,structured-output,false,5,35,0,7,true,1260.0,6710.999984741211
DSuE2wWEfXr,Llama 3.2 3B Instruct,zero-shot,false,5,35,0,7,true,2112.0,6710.999984741211
DSuE2wWEfXr,MedGemma 4B,chain-of-thought,false,5,35,0,7,true,2990.0,6710.999984741211
DSuE2wWEfXr,MedGemma 4B,few-shot,false,5,35,0,7,true,1930.0,6710.999984741211
DSuE2wWEfXr,MedGemma 4B,structured-output,false,5,35,0,7,true,4380.0,6710.999984741211
DSuE2wWEfXr,MedGemma 4B,zero-shot,false,5,35,0,7,true,2432.5,6710.999984741211
DSuE2wWEfXr,Phi-4-mini 3.8B Instruct,chain-of-thought,false,5,35,0,7,true,1735.0,6710.999984741211
DSuE2wWEfXr,Phi-4-mini 3.8B Instruct,few-shot,false,5,35,0,7,true,1034.0,6710.999984741211
DSuE2wWEfXr,Phi-4-mini 3.8B Instruct,structured-output,false,3,21,0,7,true,1880.0,4026.5999908447266
DSuE2wWEfXr,Phi-4-mini 3.8B Instruct,zero-shot,false,5,35,0,7,true,2080.0,6710.999984741211
DSuE2wWEfXr,Qwen 2.5 3B Instruct,chain-of-thought,false,7,49,0,7,true,2160.0,9395.399978637695
DSuE2wWEfXr,Qwen 2.5 3B Instruct,few-shot,false,5,35,0,7,true,1824.0,6710.999984741211
DSuE2wWEfXr,Qwen 2.5 3B Instruct,structured-output,false,5,35,0,7,true,3380.0,6710.999984741211
DSuE2wWEfXr,Qwen 2.5 3B Instruct,zero-shot,false,5,35,0,7,true,2900.0,6710.999984741211
DV2cZqiGRUl,Gemma-SEA-LION v4 4B,chain-of-thought,false,12,204,0,17,true,3448.8,13869.599990844727
DV2cZqiGRUl,Gemma-SEA-LION v4 4B,few-shot,false,10,170,0,17,true,1780.0,11557.999992370605
DV2cZqiGRUl,Gemma-SEA-LION v4 4B,structured-output,false,10,170,0,17,true,622.0,11557.999992370605
DV2cZqiGRUl,Gemma-SEA-LION v4 4B,zero-shot,false,12,204,0,17,true,6234.4,13869.599990844727
DV2cZqiGRUl,Llama 3.2 3B Instruct,chain-of-thought,false,14,238,0,17,true,2004.8,16181.199989318848
DV2cZqiGRUl,Llama 3.2 3B Instruct,few-shot,false,10,170,0,17,true,1281.0,11557.999992370605
DV2cZqiGRUl,Llama 3.2 3B Instruct,structured-output,false,11,187,0,17,true,605.0,12713.799991607666
DV2cZqiGRUl,MedGemma 4B,chain-of-thought,false,7,119,0,17,true,353.6,8090.599994659424
DV2cZqiGRUl,MedGemma 4B,few-shot,false,10,170,0,17,true,813.0,11557.999992370605
DV2cZqiGRUl,MedGemma 4B,structured-output,false,8,136,0,17,true,1240.0,9246.399993896484
DV2cZqiGRUl,MedGemma 4B,zero-shot,false,9,153,0,17,true,1415.0,10402.199993133545
DV2cZqiGRUl,Phi-4-mini 3.8B Instruct,chain-of-thought,false,11,187,0,17,true,905.0,12713.799991607666
DV2cZqiGRUl,Phi-4-mini 3.8B Instruct,few-shot,false,12,204,0,17,true,1934.0,13869.599990844727
DV2cZqiGRUl,Phi-4-mini 3.8B Instruct,structured-output,false,10,170,0,17,true,705.0,11557.999992370605
DV2cZqiGRUl,Phi-4-mini 3.8B Instruct,zero-shot,false,12,204,0,17,true,3515.8,13869.599990844727
DV2cZqiGRUl,Qwen 2.5 3B Instruct,chain-of-thought,false,13,221,0,17,true,1695.0,15025.399990081787
DV2cZqiGRUl,Qwen 2.5 3B Instruct,few-shot,false,11,187,0,17,true,1780.0,12713.799991607666
DV2cZqiGRUl,Qwen 2.5 3B Instruct,structured-output,false,10,170,0,17,true,645.8,11557.999992370605
DV5BZafjOq4,Gemma-SEA-LION v4 4B,chain-of-thought,false,5,30,0,6,true,450.0,8398.000030517578
DV5BZafjOq4,Gemma-SEA-LION v4 4B,few-shot,false,5,30,0,6,true,891.0,8398.000030517578
DV5BZafjOq4,Gemma-SEA-LION v4 4B,structured-output,false,2,12,0,6,true,940.0,3359.2000122070312
DV5BZafjOq4,Gemma-SEA-LION v4 4B,zero-shot,false,7,42,0,6,true,905.6,11757.20004272461
DV5BZafjOq4,Llama 3.2 3B Instruct,chain-of-thought,false,3,18,0,6,true,353.1,5038.800018310547
DV5BZafjOq4,Llama 3.2 3B Instruct,few-shot,false,5,30,0,6,true,391.0,8398.000030517578
DV5BZafjOq4,Llama 3.2 3B Instruct,structured-output,false,3,18,0,6,true,813.8,5038.800018310547
DV5BZafjOq4,Llama 3.2 3B Instruct,zero-shot,false,9,54,0,6,true,3327.1,15116.40005493164
DV5BZafjOq4,MedGemma 4B,chain-of-thought,false,5,30,0,6,true,935.0,8398.000030517578
DV5BZafjOq4,MedGemma 4B,few-shot,false,7,42,0,6,true,1397.0,11757.20004272461
DV5BZafjOq4,MedGemma 4B,structured-output,false,2,12,0,6,true,646.2,3359.2000122070312
DV5BZafjOq4,MedGemma 4B,zero-shot,false,5,30,0,6,true,805.0,8398.000030517578
DV5BZafjOq4,Phi-4-mini 3.8B Instruct,chain-of-thought,false,4,24,0,6,true,507.1,6718.4000244140625
DV5BZafjOq4,Phi-4-mini 3.8B Instruct,few-shot,false,6,36,0,6,true,1373.0,10077.600036621094
DV5BZafjOq4,Phi-4-mini 3.8B Instruct,structured-output,false,5,30,0,6,true,1259.2,8398.000030517578
DV5BZafjOq4,Phi-4-mini 3.8B Instruct,zero-shot,false,5,30,0,6,true,2692.7,8398.000030517578
DV5BZafjOq4,Qwen 2.5 3B Instruct,chain-of-thought,false,4,24,0,6,true,1200.0,6718.4000244140625
DV5BZafjOq4,Qwen 2.5 3B Instruct,few-shot,false,5,30,0,6,true,1441.0,8398.000030517578
DV5BZafjOq4,Qwen 2.5 3B Instruct,structured-output,false,4,24,0,6,true,600.0,6718.4000244140625
DV5BZafjOq4,Qwen 2.5 3B Instruct,zero-shot,false,4,24,0,6,true,266.2,6718.4000244140625
DVkdLI3FtfP,Gemma-SEA-LION v4 4B,chain-of-thought,false,15,210,0,14,true,591.0,19283.99999141693
DVkdLI3FtfP,Gemma-SEA-LION v4 4B,few-shot,false,8,112,0,14,true,814.0,10284.799995422363
DVkdLI3FtfP,Gemma-SEA-LION v4 4B,zero-shot,false,12,168,0,14,true,371.0,15427.199993133545
DVkdLI3FtfP,Llama 3.2 3B Instruct,few-shot,false,7,98,0,14,true,873.0,8999.199995994568
DVkdLI3FtfP,Llama 3.2 3B Instruct,structured-output,false,8,112,0,14,true,790.0,10284.799995422363
DVkdLI3FtfP,Llama 3.2 3B Instruct,zero-shot,false,8,112,0,14,true,793.5,10284.799995422363
DVkdLI3FtfP,MedGemma 4B,few-shot,false,9,126,0,14,true,1352.0,11570.399994850159
DVkdLI3FtfP,MedGemma 4B,structured-output,false,7,98,0,14,true,263.0,8999.199995994568
DVkdLI3FtfP,MedGemma 4B,zero-shot,false,7,98,0,14,true,384.5,8999.199995994568
DVkdLI3FtfP,Phi-4-mini 3.8B Instruct,chain-of-thought,false,8,112,0,14,true,737.0,10284.799995422363
DVkdLI3FtfP,Phi-4-mini 3.8B Instruct,few-shot,false,10,140,0,14,true,1256.0,12855.999994277954
DVkdLI3FtfP,Phi-4-mini 3.8B Instruct,structured-output,false,5,70,0,14,true,290.3,6427.999997138977
DVkdLI3FtfP,Phi-4-mini 3.8B Instruct,zero-shot,false,11,154,0,14,true,311.6,14141.59999370575
DVkdLI3FtfP,Qwen 2.5 3B Instruct,few-shot,false,11,154,0,14,true,1272.0,14141.59999370575
DVkdLI3FtfP,Qwen 2.5 3B Instruct,structured-output,false,10,140,0,14,true,521.6,12855.999994277954
DVkdLI3FtfP,Qwen 2.5 3B Instruct,zero-shot,false,8,112,0,14,true,224.0,10284.799995422363
DVP2N0hkp7Y,Gemma-SEA-LION v4 4B,chain-of-thought,false,12,300,0,25,true,2905.3,52323.600008010864
DVP2N0hkp7Y,Gemma-SEA-LION v4 4B,few-shot,false,11,275,0,25,true,5151.0,47963.30000734329
DVP2N0hkp7Y,Gemma-SEA-LION v4 4B,structured-output,false,10,250,0,25,true,1185.2,43603.00000667572
DVP2N0hkp7Y,Llama 3.2 3B Instruct,few-shot,false,13,325,0,25,true,1671.0,56683.900008678436
DVP2N0hkp7Y,Llama 3.2 3B Instruct,structured-output,false,9,225,0,25,true,387.5,39242.70000600815
DVP2N0hkp7Y,Llama 3.2 3B Instruct,zero-shot,false,21,525,0,25,true,5654.1,91566.30001401901
DVP2N0hkp7Y,MedGemma 4B,chain-of-thought,false,9,225,0,25,true,10205.0,39242.70000600815
DVP2N0hkp7Y,MedGemma 4B,few-shot,false,11,275,0,25,true,1056.0,47963.30000734329
DVP2N0hkp7Y,MedGemma 4B,structured-output,false,3,75,0,25,true,510.0,13080.900002002716
DVP2N0hkp7Y,MedGemma 4B,zero-shot,false,12,300,0,25,true,1280.0,52323.600008010864
DVP2N0hkp7Y,Phi-4-mini 3.8B Instruct,few-shot,false,13,325,0,25,true,1094.0,56683.900008678436
DVP2N0hkp7Y,Phi-4-mini 3.8B Instruct,structured-output,false,10,250,0,25,true,1755.0,43603.00000667572
DVP2N0hkp7Y,Phi-4-mini 3.8B Instruct,zero-shot,false,12,300,0,25,true,622.7,52323.600008010864
DVP2N0hkp7Y,Qwen 2.5 3B Instruct,chain-of-thought,false,9,225,0,25,true,15983.0,39242.70000600815
DVP2N0hkp7Y,Qwen 2.5 3B Instruct,few-shot,false,13,325,0,25,true,881.0,56683.900008678436
DVP2N0hkp7Y,Qwen 2.5 3B Instruct,structured-output,false,10,250,0,25,true,1150.0,43603.00000667572
DVP2N0hkp7Y,Qwen 2.5 3B Instruct,zero-shot,false,16,400,0,25,true,2294.0,69764.80001068115
DVphyIijuJ_,Gemma-SEA-LION v4 4B,few-shot,false,5,50,0,10,true,2737.0,20052.999954223633
DVphyIijuJ_,Gemma-SEA-LION v4 4B,zero-shot,false,9,90,0,10,true,2832.4,36095.39991760254
DVphyIijuJ_,Llama 3.2 3B Instruct,chain-of-thought,false,7,70,0,10,true,3168.5,28074.199935913086
DVphyIijuJ_,Llama 3.2 3B Instruct,few-shot,false,6,60,0,10,true,1720.0,24063.59994506836
DVphyIijuJ_,Llama 3.2 3B Instruct,zero-shot,false,11,110,0,10,true,3045.0,44116.59989929199
DVphyIijuJ_,MedGemma 4B,chain-of-thought,false,10,100,0,10,true,3246.7,40105.999908447266
DVphyIijuJ_,MedGemma 4B,few-shot,false,9,90,0,10,true,2356.0,36095.39991760254
DVphyIijuJ_,MedGemma 4B,structured-output,false,8,80,0,10,true,2920.6,32084.799926757812
DVphyIijuJ_,MedGemma 4B,zero-shot,false,8,80,0,10,true,2883.9,32084.799926757812
DVphyIijuJ_,Phi-4-mini 3.8B Instruct,chain-of-thought,false,6,60,0,10,true,1492.0,24063.59994506836
DVphyIijuJ_,Phi-4-mini 3.8B Instruct,few-shot,false,10,100,0,10,true,1652.0,40105.999908447266
DVphyIijuJ_,Phi-4-mini 3.8B Instruct,structured-output,false,11,110,0,10,true,4756.0,44116.59989929199
DVphyIijuJ_,Phi-4-mini 3.8B Instruct,zero-shot,false,9,90,0,10,true,3196.9,36095.39991760254
DVphyIijuJ_,Qwen 2.5 3B Instruct,few-shot,false,7,70,0,10,true,1853.0,28074.199935913086
DVphyIijuJ_,Qwen 2.5 3B Instruct,structured-output,false,8,80,0,10,true,2173.6,32084.799926757812
DVphyIijuJ_,Qwen 2.5 3B Instruct,zero-shot,false,9,90,0,10,true,3025.0,36095.39991760254
DVU9gqREi88,Gemma-SEA-LION v4 4B,few-shot,false,6,96,0,16,true,1068.0,10841.999967813492
DVU9gqREi88,Gemma-SEA-LION v4 4B,structured-output,false,8,128,0,16,true,2502.0,14455.999957084656
DVU9gqREi88,Gemma-SEA-LION v4 4B,zero-shot,false,11,176,0,16,true,2010.7,19876.9999409914
DVU9gqREi88,Llama 3.2 3B Instruct,few-shot,false,10,160,0,16,true,2319.0,18069.99994635582
DVU9gqREi88,Llama 3.2 3B Instruct,structured-output,false,6,96,0,16,true,883.9,10841.999967813492
DVU9gqREi88,Llama 3.2 3B Instruct,zero-shot,false,8,128,0,16,true,1333.0,14455.999957084656
DVU9gqREi88,MedGemma 4B,chain-of-thought,false,9,144,0,16,true,1690.5,16262.999951720238
DVU9gqREi88,MedGemma 4B,few-shot,false,10,160,0,16,true,1830.0,18069.99994635582
DVU9gqREi88,MedGemma 4B,zero-shot,false,7,112,0,16,true,2512.8,12648.999962449074
DVU9gqREi88,Phi-4-mini 3.8B Instruct,chain-of-thought,false,11,176,0,16,true,2698.0,19876.9999409914
DVU9gqREi88,Phi-4-mini 3.8B Instruct,few-shot,false,12,192,0,16,true,2255.0,21683.999935626984
DVU9gqREi88,Phi-4-mini 3.8B Instruct,structured-output,false,7,112,0,16,true,1600.4,12648.999962449074
DVU9gqREi88,Phi-4-mini 3.8B Instruct,zero-shot,false,8,128,0,16,true,2121.2,14455.999957084656
DVU9gqREi88,Qwen 2.5 3B Instruct,chain-of-thought,false,11,176,0,16,true,3216.0,19876.9999409914
DVU9gqREi88,Qwen 2.5 3B Instruct,few-shot,false,9,144,0,16,true,2087.0,16262.999951720238
DVU9gqREi88,Qwen 2.5 3B Instruct,structured-output,false,10,160,0,16,true,2042.2,18069.99994635582
DVU9gqREi88,Qwen 2.5 3B Instruct,zero-shot,false,8,128,0,16,true,1147.6,14455.999957084656
DVutKvujazg,Gemma-SEA-LION v4 4B,few-shot,false,9,198,0,22,true,942.0,27444.60032272339
DVutKvujazg,Gemma-SEA-LION v4 4B,structured-output,false,10,220,0,22,true,1740.0,30494.000358581543
DVutKvujazg,Gemma-SEA-LION v4 4B,zero-shot,false,8,176,0,22,true,4980.0,24395.200286865234
DVutKvujazg,Llama 3.2 3B Instruct,few-shot,false,5,110,0,22,true,2129.0,15247.000179290771
DVutKvujazg,Llama 3.2 3B Instruct,structured-output,false,5,110,0,22,true,2009.4,15247.000179290771
DVutKvujazg,Llama 3.2 3B Instruct,zero-shot,false,11,242,0,22,true,11228.1,33543.4003944397
DVutKvujazg,MedGemma 4B,chain-of-thought,false,14,308,0,22,true,1440.0,42691.60050201416
DVutKvujazg,MedGemma 4B,few-shot,false,10,220,0,22,true,1191.0,30494.000358581543
DVutKvujazg,MedGemma 4B,structured-output,false,8,176,0,22,true,982.4,24395.200286865234
DVutKvujazg,MedGemma 4B,zero-shot,false,12,264,0,22,true,20579.0,36592.80043029785
DVutKvujazg,Phi-4-mini 3.8B Instruct,chain-of-thought,false,16,352,0,22,true,1020.0,48790.40057373047
DVutKvujazg,Phi-4-mini 3.8B Instruct,few-shot,false,10,220,0,22,true,2004.0,30494.000358581543
DVutKvujazg,Phi-4-mini 3.8B Instruct,structured-output,false,10,220,0,22,true,1392.0,30494.000358581543
DVutKvujazg,Qwen 2.5 3B Instruct,chain-of-thought,false,11,242,0,22,true,1108.0,33543.4003944397
DVutKvujazg,Qwen 2.5 3B Instruct,few-shot,false,9,198,0,22,true,3368.0,27444.60032272339
DVutKvujazg,Qwen 2.5 3B Instruct,structured-output,false,9,198,0,22,true,1911.6,27444.60032272339
DVutKvujazg,Qwen 2.5 3B Instruct,zero-shot,false,10,220,0,22,true,0.0,30494.000358581543
DVxNpsVgbBG,Gemma-SEA-LION v4 4B,chain-of-thought,false,6,48,0,8,true,400.0,19616.399963378906
DVxNpsVgbBG,Gemma-SEA-LION v4 4B,few-shot,false,6,48,0,8,true,363.0,19616.399963378906
DVxNpsVgbBG,Gemma-SEA-LION v4 4B,structured-output,false,6,48,0,8,true,960.0,19616.399963378906
DVxNpsVgbBG,Gemma-SEA-LION v4 4B,zero-shot,false,7,56,0,8,true,296.0,22885.79995727539
DVxNpsVgbBG,Llama 3.2 3B Instruct,few-shot,false,5,40,0,8,true,353.0,16346.999969482422
DVxNpsVgbBG,Llama 3.2 3B Instruct,structured-output,false,5,40,0,8,true,389.2,16346.999969482422
DVxNpsVgbBG,Llama 3.2 3B Instruct,zero-shot,false,8,64,0,8,true,1041.6,26155.199951171875
DVxNpsVgbBG,MedGemma 4B,chain-of-thought,false,5,40,0,8,true,1430.5,16346.999969482422
DVxNpsVgbBG,MedGemma 4B,few-shot,false,6,48,0,8,true,692.0,19616.399963378906
DVxNpsVgbBG,MedGemma 4B,structured-output,false,5,40,0,8,true,570.0,16346.999969482422
DVxNpsVgbBG,MedGemma 4B,zero-shot,false,6,48,0,8,true,404.0,19616.399963378906
DVxNpsVgbBG,Phi-4-mini 3.8B Instruct,chain-of-thought,false,7,56,0,8,true,2222.0,22885.79995727539
DVxNpsVgbBG,Phi-4-mini 3.8B Instruct,few-shot,false,6,48,0,8,true,880.0,19616.399963378906
DVxNpsVgbBG,Phi-4-mini 3.8B Instruct,structured-output,false,6,48,0,8,true,454.0,19616.399963378906
DVxNpsVgbBG,Phi-4-mini 3.8B Instruct,zero-shot,false,6,48,0,8,true,339.5,19616.399963378906
DVxNpsVgbBG,Qwen 2.5 3B Instruct,chain-of-thought,false,6,48,0,8,true,1628.0,19616.399963378906
DVxNpsVgbBG,Qwen 2.5 3B Instruct,few-shot,false,6,48,0,8,true,482.0,19616.399963378906
DVxNpsVgbBG,Qwen 2.5 3B Instruct,structured-output,false,6,48,0,8,true,289.0,19616.399963378906
DVxNpsVgbBG,Qwen 2.5 3B Instruct,zero-shot,false,6,48,0,8,true,455.5,19616.399963378906
DVxWajnjfAI,Gemma-SEA-LION v4 4B,few-shot,false,9,216,0,24,true,1065.0,32627.699924468994
DVxWajnjfAI,Gemma-SEA-LION v4 4B,structured-output,false,10,240,0,24,true,502.0,36252.99991607666
DVxWajnjfAI,Gemma-SEA-LION v4 4B,zero-shot,false,12,288,0,24,true,685.6,43503.59989929199
DVxWajnjfAI,Llama 3.2 3B Instruct,chain-of-thought,false,13,312,0,24,true,4065.0,47128.89989089966
DVxWajnjfAI,Llama 3.2 3B Instruct,few-shot,false,9,216,0,24,true,3753.8,32627.699924468994
DVxWajnjfAI,Llama 3.2 3B Instruct,structured-output,false,10,240,0,24,true,730.0,36252.99991607666
DVxWajnjfAI,MedGemma 4B,chain-of-thought,false,14,336,0,24,true,794.0,50754.199882507324
DVxWajnjfAI,MedGemma 4B,few-shot,false,10,240,0,24,true,31504.0,36252.99991607666
DVxWajnjfAI,MedGemma 4B,structured-output,false,10,240,0,24,true,410.0,36252.99991607666
DVxWajnjfAI,MedGemma 4B,zero-shot,false,5,120,0,24,true,359.1,18126.49995803833
DVxWajnjfAI,Phi-4-mini 3.8B Instruct,chain-of-thought,false,11,264,0,24,true,455.0,39878.299907684326
DVxWajnjfAI,Phi-4-mini 3.8B Instruct,few-shot,false,11,264,0,24,true,824.0,39878.299907684326
DVxWajnjfAI,Phi-4-mini 3.8B Instruct,zero-shot,false,13,312,0,24,true,1985.0,47128.89989089966
DVxWajnjfAI,Qwen 2.5 3B Instruct,chain-of-thought,false,12,288,0,24,true,490.0,43503.59989929199
DVxWajnjfAI,Qwen 2.5 3B Instruct,few-shot,false,9,216,0,24,true,1386.0,32627.699924468994
DVxWajnjfAI,Qwen 2.5 3B Instruct,structured-output,false,10,240,0,24,true,380.0,36252.99991607666
DVxWajnjfAI,Qwen 2.5 3B Instruct,zero-shot,false,17,408,0,24,true,11976.5,61630.09985733032
DWArADckv2A,Gemma-SEA-LION v4 4B,chain-of-thought,false,7,56,0,8,true,2100.0,6234.200002670288
DWArADckv2A,Gemma-SEA-LION v4 4B,few-shot,false,8,64,0,8,true,1159.0,7124.800003051758
DWArADckv2A,Gemma-SEA-LION v4 4B,structured-output,false,6,48,0,8,true,1552.0,5343.600002288818
DWArADckv2A,Gemma-SEA-LION v4 4B,zero-shot,false,3,24,0,8,true,6825.0,2671.800001144409
DWArADckv2A,Llama 3.2 3B Instruct,few-shot,false,7,56,0,8,true,1216.0,6234.200002670288
DWArADckv2A,Llama 3.2 3B Instruct,structured-output,false,6,48,0,8,true,556.4,5343.600002288818
DWArADckv2A,Llama 3.2 3B Instruct,zero-shot,false,8,64,0,8,true,438.4,7124.800003051758
DWArADckv2A,MedGemma 4B,chain-of-thought,false,6,48,0,8,true,2385.0,5343.600002288818
DWArADckv2A,MedGemma 4B,few-shot,false,7,56,0,8,true,642.0,6234.200002670288
DWArADckv2A,MedGemma 4B,structured-output,false,6,48,0,8,true,416.6,5343.600002288818
DWArADckv2A,MedGemma 4B,zero-shot,false,6,48,0,8,true,620.0,5343.600002288818
DWArADckv2A,Phi-4-mini 3.8B Instruct,chain-of-thought,false,7,56,0,8,true,4615.0,6234.200002670288
DWArADckv2A,Phi-4-mini 3.8B Instruct,few-shot,false,8,64,0,8,true,1409.0,7124.800003051758
DWArADckv2A,Phi-4-mini 3.8B Instruct,zero-shot,false,6,48,0,8,true,515.0,5343.600002288818
DWArADckv2A,Qwen 2.5 3B Instruct,chain-of-thought,false,7,56,0,8,true,4397.0,6234.200002670288
DWArADckv2A,Qwen 2.5 3B Instruct,few-shot,false,8,64,0,8,true,2016.0,7124.800003051758
DWArADckv2A,Qwen 2.5 3B Instruct,structured-output,false,5,40,0,8,true,500.0,4453.000001907349
DWArADckv2A,Qwen 2.5 3B Instruct,zero-shot,false,8,64,0,8,true,260.9,7124.800003051758
DWDOV3Ukq2t,Gemma-SEA-LION v4 4B,chain-of-thought,false,7,56,0,8,true,354.4,15503.600128173828
DWDOV3Ukq2t,Gemma-SEA-LION v4 4B,few-shot,false,7,56,0,8,true,445.0,15503.600128173828
DWDOV3Ukq2t,Gemma-SEA-LION v4 4B,structured-output,false,6,48,0,8,true,2744.7,13288.800109863281
DWDOV3Ukq2t,Gemma-SEA-LION v4 4B,zero-shot,false,9,72,0,8,true,2739.7,19933.200164794922
DWDOV3Ukq2t,Llama 3.2 3B Instruct,chain-of-thought,false,9,72,0,8,true,2015.0,19933.200164794922
DWDOV3Ukq2t,Llama 3.2 3B Instruct,few-shot,false,7,56,0,8,true,563.0,15503.600128173828
DWDOV3Ukq2t,Llama 3.2 3B Instruct,structured-output,false,10,80,0,8,true,1140.0,22148.00018310547
DWDOV3Ukq2t,Llama 3.2 3B Instruct,zero-shot,false,7,56,0,8,true,3217.4,15503.600128173828
DWDOV3Ukq2t,MedGemma 4B,few-shot,false,8,64,0,8,true,2650.0,17718.400146484375
DWDOV3Ukq2t,MedGemma 4B,zero-shot,false,7,56,0,8,true,1916.0,15503.600128173828
DWDOV3Ukq2t,Phi-4-mini 3.8B Instruct,chain-of-thought,false,9,72,0,8,true,624.0,19933.200164794922
DWDOV3Ukq2t,Phi-4-mini 3.8B Instruct,few-shot,false,7,56,0,8,true,3555.0,15503.600128173828
DWDOV3Ukq2t,Phi-4-mini 3.8B Instruct,structured-output,false,7,56,0,8,true,780.0,15503.600128173828
DWDOV3Ukq2t,Phi-4-mini 3.8B Instruct,zero-shot,false,8,64,0,8,true,3255.0,17718.400146484375
DWDOV3Ukq2t,Qwen 2.5 3B Instruct,chain-of-thought,false,7,56,0,8,true,2025.0,15503.600128173828
DWDOV3Ukq2t,Qwen 2.5 3B Instruct,few-shot,false,8,64,0,8,true,1151.0,17718.400146484375
DWDOV3Ukq2t,Qwen 2.5 3B Instruct,structured-output,false,7,56,0,8,true,1291.0,15503.600128173828
DWDOV3Ukq2t,Qwen 2.5 3B Instruct,zero-shot,false,5,40,0,8,true,2664.8,11074.000091552734
