experiment_id,video_id,model_name,technique_name,rag_enabled,gt_ingredient_count,pred_ingredient_count,true_positives,false_positives
1,DHKfyyITTE8,Llama 3.2 3B Instruct,zero-shot,false,7,10,7,3
2,DHm89ozTqeU,Llama 3.2 3B Instruct,zero-shot,false,1,4,1,3
3,DF4Fc8TTel4,Llama 3.2 3B Instruct,zero-shot,false,7,9,7,2
4,DDQnLI_zd75,Llama 3.2 3B Instruct,zero-shot,false,1,3,1,2
5,DCIwgyWvR4-,Llama 3.2 3B Instruct,zero-shot,false,3,6,3,3
6,C_9nDkNOgWS,Llama 3.2 3B Instruct,zero-shot,false,1,8,1,7
7,C8f7YMXS75g,Llama 3.2 3B Instruct,zero-shot,false,1,4,1,3
8,C7kt-JZyx8J,Llama 3.2 3B Instruct,zero-shot,false,3,11,4,7
9,C7F03BqSAng,Llama 3.2 3B Instruct,zero-shot,false,3,8,3,5
11,DWArADckv2A,Llama 3.2 3B Instruct,zero-shot,false,0,8,0,8
12,DV5BZafjOq4,Llama 3.2 3B Instruct,zero-shot,false,1,9,1,8
15,DVU9gqREi88,Llama 3.2 3B Instruct,zero-shot,false,7,8,8,2
16,DWDOV3Ukq2t,Llama 3.2 3B Instruct,zero-shot,false,7,7,7,0
17,DVxNpsVgbBG,Llama 3.2 3B Instruct,zero-shot,false,3,8,3,5
18,DVutKvujazg,Llama 3.2 3B Instruct,zero-shot,false,10,11,10,2
19,DVphyIijuJ_,Llama 3.2 3B Instruct,zero-shot,false,8,11,8,3
20,DVkdLI3FtfP,Llama 3.2 3B Instruct,zero-shot,false,0,8,0,8
21,DSuE2wWEfXr,Llama 3.2 3B Instruct,zero-shot,false,2,5,2,3
22,DIxmuuyz0sC,Llama 3.2 3B Instruct,zero-shot,false,0,5,0,5
23,DE13y7pT_jx,Llama 3.2 3B Instruct,zero-shot,false,12,11,14,0
24,C67f7RfyFAV,Llama 3.2 3B Instruct,zero-shot,false,3,8,3,5
25,C6I4GVsLgnf,Llama 3.2 3B Instruct,zero-shot,false,1,4,1,3
26,C3tobkQJ2nA,Llama 3.2 3B Instruct,zero-shot,false,3,6,3,3
27,C0suZXkxaBG,Llama 3.2 3B Instruct,zero-shot,false,9,14,9,6
28,CxReOIZSoIV,Llama 3.2 3B Instruct,zero-shot,false,5,7,5,2
29,DElwUdQz-v2,Llama 3.2 3B Instruct,zero-shot,false,3,12,3,9
30,C9YrfhUS2lK,Llama 3.2 3B Instruct,zero-shot,false,7,7,7,0
31,DVP2N0hkp7Y,Llama 3.2 3B Instruct,zero-shot,false,12,21,12,11
32,DR6OtTFksZm,Llama 3.2 3B Instruct,zero-shot,false,4,11,4,8
33,DNMxd6Lzy1f,Llama 3.2 3B Instruct,zero-shot,false,3,11,3,8
34,DGw2dWCzWyw,Llama 3.2 3B Instruct,zero-shot,false,1,4,1,3
35,DGuVfoxTYDz,Llama 3.2 3B Instruct,zero-shot,false,2,2,2,0
36,CzTIQqfL2xY,Llama 3.2 3B Instruct,zero-shot,false,11,12,13,1
37,CvyhUe2OHtM,Llama 3.2 3B Instruct,zero-shot,false,9,11,9,2
38,CveBqfspTjD,Llama 3.2 3B Instruct,zero-shot,false,0,17,0,17
39,Ct0jllVrFj4,Llama 3.2 3B Instruct,zero-shot,false,2,16,2,14
40,CrGk9SDpNHM,Llama 3.2 3B Instruct,zero-shot,false,1,13,1,12
41,DHKfyyITTE8,Phi-4-mini 3.8B Instruct,zero-shot,false,2,11,2,9
42,DHm89ozTqeU,Phi-4-mini 3.8B Instruct,zero-shot,false,0,4,0,4
45,DCIwgyWvR4-,Phi-4-mini 3.8B Instruct,zero-shot,false,2,4,3,1
46,C_9nDkNOgWS,Phi-4-mini 3.8B Instruct,zero-shot,false,0,8,0,8
47,C8f7YMXS75g,Phi-4-mini 3.8B Instruct,zero-shot,false,2,5,2,3
48,C7kt-JZyx8J,Phi-4-mini 3.8B Instruct,zero-shot,false,3,10,3,7
49,C7F03BqSAng,Phi-4-mini 3.8B Instruct,zero-shot,false,4,8,4,4
50,C6uo2tySRev,Phi-4-mini 3.8B Instruct,zero-shot,false,5,6,5,1
51,DWArADckv2A,Phi-4-mini 3.8B Instruct,zero-shot,false,1,6,1,5
52,DV5BZafjOq4,Phi-4-mini 3.8B Instruct,zero-shot,false,1,5,1,4
53,DV2cZqiGRUl,Phi-4-mini 3.8B Instruct,zero-shot,false,8,12,8,4
54,DVxWajnjfAI,Phi-4-mini 3.8B Instruct,zero-shot,false,8,13,8,6
55,DVU9gqREi88,Phi-4-mini 3.8B Instruct,zero-shot,false,2,8,2,6
56,DWDOV3Ukq2t,Phi-4-mini 3.8B Instruct,zero-shot,false,3,8,4,4
57,DVxNpsVgbBG,Phi-4-mini 3.8B Instruct,zero-shot,false,1,6,1,5
59,DVphyIijuJ_,Phi-4-mini 3.8B Instruct,zero-shot,false,8,9,8,1
60,DVkdLI3FtfP,Phi-4-mini 3.8B Instruct,zero-shot,false,0,11,0,11
61,DSuE2wWEfXr,Phi-4-mini 3.8B Instruct,zero-shot,false,2,5,2,3
62,DIxmuuyz0sC,Phi-4-mini 3.8B Instruct,zero-shot,false,1,9,1,8
63,DE13y7pT_jx,Phi-4-mini 3.8B Instruct,zero-shot,false,6,12,8,6
64,C67f7RfyFAV,Phi-4-mini 3.8B Instruct,zero-shot,false,3,7,3,4
65,C6I4GVsLgnf,Phi-4-mini 3.8B Instruct,zero-shot,false,3,4,3,1
66,C3tobkQJ2nA,Phi-4-mini 3.8B Instruct,zero-shot,false,2,5,2,3
67,C0suZXkxaBG,Phi-4-mini 3.8B Instruct,zero-shot,false,7,10,8,3
69,DElwUdQz-v2,Phi-4-mini 3.8B Instruct,zero-shot,false,1,7,1,6
70,C9YrfhUS2lK,Phi-4-mini 3.8B Instruct,zero-shot,false,4,5,4,1
71,DVP2N0hkp7Y,Phi-4-mini 3.8B Instruct,zero-shot,false,13,12,13,2
72,DR6OtTFksZm,Phi-4-mini 3.8B Instruct,zero-shot,false,10,18,10,14
73,DNMxd6Lzy1f,Phi-4-mini 3.8B Instruct,zero-shot,false,2,12,2,10
74,DGw2dWCzWyw,Phi-4-mini 3.8B Instruct,zero-shot,false,4,4,4,1
75,DGuVfoxTYDz,Phi-4-mini 3.8B Instruct,zero-shot,false,0,5,0,5
76,CzTIQqfL2xY,Phi-4-mini 3.8B Instruct,zero-shot,false,12,14,16,2
77,CvyhUe2OHtM,Phi-4-mini 3.8B Instruct,zero-shot,false,7,11,7,4
78,CveBqfspTjD,Phi-4-mini 3.8B Instruct,zero-shot,false,7,12,7,5
79,Ct0jllVrFj4,Phi-4-mini 3.8B Instruct,zero-shot,false,2,14,2,12
83,DF4Fc8TTel4,Qwen 2.5 3B Instruct,zero-shot,false,7,9,7,2
84,DDQnLI_zd75,Qwen 2.5 3B Instruct,zero-shot,false,1,3,1,2
85,DCIwgyWvR4-,Qwen 2.5 3B Instruct,zero-shot,false,3,5,3,2
86,C_9nDkNOgWS,Qwen 2.5 3B Instruct,zero-shot,false,6,8,6,2
87,C8f7YMXS75g,Qwen 2.5 3B Instruct,zero-shot,false,1,4,1,3
88,C7kt-JZyx8J,Qwen 2.5 3B Instruct,zero-shot,false,1,6,1,5
89,C7F03BqSAng,Qwen 2.5 3B Instruct,zero-shot,false,4,8,4,4
90,C6uo2tySRev,Qwen 2.5 3B Instruct,zero-shot,false,4,5,4,1
91,DWArADckv2A,Qwen 2.5 3B Instruct,zero-shot,false,0,8,0,8
92,DV5BZafjOq4,Qwen 2.5 3B Instruct,zero-shot,false,1,4,1,3
94,DVxWajnjfAI,Qwen 2.5 3B Instruct,zero-shot,false,0,17,0,17
95,DVU9gqREi88,Qwen 2.5 3B Instruct,zero-shot,false,5,8,5,5
96,DWDOV3Ukq2t,Qwen 2.5 3B Instruct,zero-shot,false,2,5,2,3
97,DVxNpsVgbBG,Qwen 2.5 3B Instruct,zero-shot,false,5,6,5,1
98,DVutKvujazg,Qwen 2.5 3B Instruct,zero-shot,false,8,10,8,3
99,DVphyIijuJ_,Qwen 2.5 3B Instruct,zero-shot,false,8,9,8,1
100,DVkdLI3FtfP,Qwen 2.5 3B Instruct,zero-shot,false,1,8,1,7
101,DSuE2wWEfXr,Qwen 2.5 3B Instruct,zero-shot,false,2,5,2,3
102,DIxmuuyz0sC,Qwen 2.5 3B Instruct,zero-shot,false,2,13,2,11
105,C6I4GVsLgnf,Qwen 2.5 3B Instruct,zero-shot,false,0,4,0,4
106,C3tobkQJ2nA,Qwen 2.5 3B Instruct,zero-shot,false,0,5,0,5
107,C0suZXkxaBG,Qwen 2.5 3B Instruct,zero-shot,false,12,16,14,4
108,CxReOIZSoIV,Qwen 2.5 3B Instruct,zero-shot,false,5,7,5,2
109,DElwUdQz-v2,Qwen 2.5 3B Instruct,zero-shot,false,2,9,2,7
110,C9YrfhUS2lK,Qwen 2.5 3B Instruct,zero-shot,false,6,7,6,1
111,DVP2N0hkp7Y,Qwen 2.5 3B Instruct,zero-shot,false,0,16,0,16
112,DR6OtTFksZm,Qwen 2.5 3B Instruct,zero-shot,false,16,12,18,3
113,DNMxd6Lzy1f,Qwen 2.5 3B Instruct,zero-shot,false,2,7,2,5
115,DGuVfoxTYDz,Qwen 2.5 3B Instruct,zero-shot,false,7,6,7,0
116,CzTIQqfL2xY,Qwen 2.5 3B Instruct,zero-shot,false,2,13,2,11
117,CvyhUe2OHtM,Qwen 2.5 3B Instruct,zero-shot,false,8,11,8,3
118,CveBqfspTjD,Qwen 2.5 3B Instruct,zero-shot,false,2,11,2,9
120,CrGk9SDpNHM,Qwen 2.5 3B Instruct,zero-shot,false,11,13,11,2
121,DHKfyyITTE8,Gemma-SEA-LION v4 4B,zero-shot,false,0,9,0,9
124,DDQnLI_zd75,Gemma-SEA-LION v4 4B,zero-shot,false,1,3,1,2
125,DCIwgyWvR4-,Gemma-SEA-LION v4 4B,zero-shot,false,2,6,2,4
126,C_9nDkNOgWS,Gemma-SEA-LION v4 4B,zero-shot,false,0,8,0,8
127,C8f7YMXS75g,Gemma-SEA-LION v4 4B,zero-shot,false,3,4,3,1
128,C7kt-JZyx8J,Gemma-SEA-LION v4 4B,zero-shot,false,7,10,7,3
129,C7F03BqSAng,Gemma-SEA-LION v4 4B,zero-shot,false,4,8,4,4
131,DWArADckv2A,Gemma-SEA-LION v4 4B,zero-shot,false,0,3,0,3
132,DV5BZafjOq4,Gemma-SEA-LION v4 4B,zero-shot,false,2,7,2,5
133,DV2cZqiGRUl,Gemma-SEA-LION v4 4B,zero-shot,false,5,12,5,7
134,DVxWajnjfAI,Gemma-SEA-LION v4 4B,zero-shot,false,0,12,0,12
135,DVU9gqREi88,Gemma-SEA-LION v4 4B,zero-shot,false,8,11,8,5
136,DWDOV3Ukq2t,Gemma-SEA-LION v4 4B,zero-shot,false,1,9,2,7
137,DVxNpsVgbBG,Gemma-SEA-LION v4 4B,zero-shot,false,6,7,6,1
138,DVutKvujazg,Gemma-SEA-LION v4 4B,zero-shot,false,0,8,0,8
139,DVphyIijuJ_,Gemma-SEA-LION v4 4B,zero-shot,false,6,9,6,3
140,DVkdLI3FtfP,Gemma-SEA-LION v4 4B,zero-shot,false,5,12,5,7
141,DSuE2wWEfXr,Gemma-SEA-LION v4 4B,zero-shot,false,2,5,2,3
142,DIxmuuyz0sC,Gemma-SEA-LION v4 4B,zero-shot,false,0,11,0,11
145,C6I4GVsLgnf,Gemma-SEA-LION v4 4B,zero-shot,false,1,4,1,3
146,C3tobkQJ2nA,Gemma-SEA-LION v4 4B,zero-shot,false,3,5,3,2
148,CxReOIZSoIV,Gemma-SEA-LION v4 4B,zero-shot,false,2,8,2,6
149,DElwUdQz-v2,Gemma-SEA-LION v4 4B,zero-shot,false,0,11,0,11
150,C9YrfhUS2lK,Gemma-SEA-LION v4 4B,zero-shot,false,1,7,1,6
152,DR6OtTFksZm,Gemma-SEA-LION v4 4B,zero-shot,false,14,13,14,7
153,DNMxd6Lzy1f,Gemma-SEA-LION v4 4B,zero-shot,false,1,11,1,10
154,DGw2dWCzWyw,Gemma-SEA-LION v4 4B,zero-shot,false,2,3,2,1
155,DGuVfoxTYDz,Gemma-SEA-LION v4 4B,zero-shot,false,2,2,2,0
156,CzTIQqfL2xY,Gemma-SEA-LION v4 4B,zero-shot,false,4,10,4,6
157,CvyhUe2OHtM,Gemma-SEA-LION v4 4B,zero-shot,false,4,20,6,14
158,CveBqfspTjD,Gemma-SEA-LION v4 4B,zero-shot,false,5,9,5,4
159,Ct0jllVrFj4,Gemma-SEA-LION v4 4B,zero-shot,false,0,16,0,16
160,CrGk9SDpNHM,Gemma-SEA-LION v4 4B,zero-shot,false,12,18,14,5
161,DHKfyyITTE8,MedGemma 4B,zero-shot,false,2,8,2,6
162,DHm89ozTqeU,MedGemma 4B,zero-shot,false,0,4,0,4
163,DF4Fc8TTel4,MedGemma 4B,zero-shot,false,3,9,3,6
164,DDQnLI_zd75,MedGemma 4B,zero-shot,false,1,3,1,2
165,DCIwgyWvR4-,MedGemma 4B,zero-shot,false,3,7,3,4
166,C_9nDkNOgWS,MedGemma 4B,zero-shot,false,8,11,8,3
167,C8f7YMXS75g,MedGemma 4B,zero-shot,false,3,5,4,1
169,C7F03BqSAng,MedGemma 4B,zero-shot,false,5,9,5,4
170,C6uo2tySRev,MedGemma 4B,zero-shot,false,3,7,3,4
171,DWArADckv2A,MedGemma 4B,zero-shot,false,2,6,2,4
172,DV5BZafjOq4,MedGemma 4B,zero-shot,false,5,5,5,0
173,DV2cZqiGRUl,MedGemma 4B,zero-shot,false,5,9,5,4
174,DVxWajnjfAI,MedGemma 4B,zero-shot,false,0,5,0,5
175,DVU9gqREi88,MedGemma 4B,zero-shot,false,2,7,2,5
176,DWDOV3Ukq2t,MedGemma 4B,zero-shot,false,7,7,7,0
177,DVxNpsVgbBG,MedGemma 4B,zero-shot,false,4,6,4,2
178,DVutKvujazg,MedGemma 4B,zero-shot,false,11,12,11,3
179,DVphyIijuJ_,MedGemma 4B,zero-shot,false,3,8,3,5
180,DVkdLI3FtfP,MedGemma 4B,zero-shot,false,1,7,1,6
181,DSuE2wWEfXr,MedGemma 4B,zero-shot,false,1,5,1,4
182,DIxmuuyz0sC,MedGemma 4B,zero-shot,false,4,9,4,5
184,C67f7RfyFAV,MedGemma 4B,zero-shot,false,0,7,0,7
185,C6I4GVsLgnf,MedGemma 4B,zero-shot,false,2,4,2,2
186,C3tobkQJ2nA,MedGemma 4B,zero-shot,false,0,5,0,5
187,C0suZXkxaBG,MedGemma 4B,zero-shot,false,3,7,5,4
189,DElwUdQz-v2,MedGemma 4B,zero-shot,false,1,7,1,6
190,C9YrfhUS2lK,MedGemma 4B,zero-shot,false,7,7,7,0
191,DVP2N0hkp7Y,MedGemma 4B,zero-shot,false,11,12,11,5
192,DR6OtTFksZm,MedGemma 4B,zero-shot,false,13,10,13,3
193,DNMxd6Lzy1f,MedGemma 4B,zero-shot,false,8,12,9,4
194,DGw2dWCzWyw,MedGemma 4B,zero-shot,false,3,4,3,1
195,DGuVfoxTYDz,MedGemma 4B,zero-shot,false,0,6,0,6
196,CzTIQqfL2xY,MedGemma 4B,zero-shot,false,11,13,11,2
197,CvyhUe2OHtM,MedGemma 4B,zero-shot,false,8,11,8,3
198,CveBqfspTjD,MedGemma 4B,zero-shot,false,1,11,1,10
199,Ct0jllVrFj4,MedGemma 4B,zero-shot,false,0,14,0,14
200,CrGk9SDpNHM,MedGemma 4B,zero-shot,false,11,13,11,2
201,DHKfyyITTE8,Llama 3.2 3B Instruct,few-shot,false,6,10,6,4
202,DHm89ozTqeU,Llama 3.2 3B Instruct,few-shot,false,1,5,1,4
203,DF4Fc8TTel4,Llama 3.2 3B Instruct,few-shot,false,8,9,8,1
204,DDQnLI_zd75,Llama 3.2 3B Instruct,few-shot,false,1,4,1,3
205,DCIwgyWvR4-,Llama 3.2 3B Instruct,few-shot,false,3,6,3,3
206,C_9nDkNOgWS,Llama 3.2 3B Instruct,few-shot,false,7,8,7,1
207,C8f7YMXS75g,Llama 3.2 3B Instruct,few-shot,false,3,4,3,1
208,C7kt-JZyx8J,Llama 3.2 3B Instruct,few-shot,false,8,10,8,2
209,C7F03BqSAng,Llama 3.2 3B Instruct,few-shot,false,7,8,7,1
210,C6uo2tySRev,Llama 3.2 3B Instruct,few-shot,false,4,6,4,2
211,DWArADckv2A,Llama 3.2 3B Instruct,few-shot,false,4,7,4,3
212,DV5BZafjOq4,Llama 3.2 3B Instruct,few-shot,false,1,5,1,4
213,DV2cZqiGRUl,Llama 3.2 3B Instruct,few-shot,false,5,10,5,5
214,DVxWajnjfAI,Llama 3.2 3B Instruct,few-shot,false,5,9,5,5
215,DVU9gqREi88,Llama 3.2 3B Instruct,few-shot,false,6,10,6,4
216,DWDOV3Ukq2t,Llama 3.2 3B Instruct,few-shot,false,6,7,6,1
217,DVxNpsVgbBG,Llama 3.2 3B Instruct,few-shot,false,4,5,4,1
218,DVutKvujazg,Llama 3.2 3B Instruct,few-shot,false,5,5,5,1
219,DVphyIijuJ_,Llama 3.2 3B Instruct,few-shot,false,3,6,3,3
220,DVkdLI3FtfP,Llama 3.2 3B Instruct,few-shot,false,3,7,3,4
221,DSuE2wWEfXr,Llama 3.2 3B Instruct,few-shot,false,3,6,3,3
222,DIxmuuyz0sC,Llama 3.2 3B Instruct,few-shot,false,5,8,5,3
223,DE13y7pT_jx,Llama 3.2 3B Instruct,few-shot,false,7,9,7,4
224,C67f7RfyFAV,Llama 3.2 3B Instruct,few-shot,false,4,8,4,4
225,C6I4GVsLgnf,Llama 3.2 3B Instruct,few-shot,false,2,4,2,2
226,C3tobkQJ2nA,Llama 3.2 3B Instruct,few-shot,false,3,5,3,2
227,C0suZXkxaBG,Llama 3.2 3B Instruct,few-shot,false,8,11,10,3
228,CxReOIZSoIV,Llama 3.2 3B Instruct,few-shot,false,3,8,3,5
229,DElwUdQz-v2,Llama 3.2 3B Instruct,few-shot,false,7,12,8,5
230,C9YrfhUS2lK,Llama 3.2 3B Instruct,few-shot,false,6,7,6,1
231,DVP2N0hkp7Y,Llama 3.2 3B Instruct,few-shot,false,15,13,15,1
232,DR6OtTFksZm,Llama 3.2 3B Instruct,few-shot,false,9,10,9,6
233,DNMxd6Lzy1f,Llama 3.2 3B Instruct,few-shot,false,8,9,9,0
234,DGw2dWCzWyw,Llama 3.2 3B Instruct,few-shot,false,3,3,3,0
235,DGuVfoxTYDz,Llama 3.2 3B Instruct,few-shot,false,5,4,5,0
236,CzTIQqfL2xY,Llama 3.2 3B Instruct,few-shot,false,8,12,9,5
237,CvyhUe2OHtM,Llama 3.2 3B Instruct,few-shot,false,6,12,6,6
238,CveBqfspTjD,Llama 3.2 3B Instruct,few-shot,false,6,10,6,4
239,Ct0jllVrFj4,Llama 3.2 3B Instruct,few-shot,false,4,11,4,7
240,CrGk9SDpNHM,Llama 3.2 3B Instruct,few-shot,false,11,14,16,0
241,DHKfyyITTE8,Phi-4-mini 3.8B Instruct,few-shot,false,6,9,7,3
242,DHm89ozTqeU,Phi-4-mini 3.8B Instruct,few-shot,false,2,6,2,4
243,DF4Fc8TTel4,Phi-4-mini 3.8B Instruct,few-shot,false,6,8,6,2
244,DDQnLI_zd75,Phi-4-mini 3.8B Instruct,few-shot,false,1,3,1,2
245,DCIwgyWvR4-,Phi-4-mini 3.8B Instruct,few-shot,false,5,6,5,1
246,C_9nDkNOgWS,Phi-4-mini 3.8B Instruct,few-shot,false,7,8,7,1
247,C8f7YMXS75g,Phi-4-mini 3.8B Instruct,few-shot,false,2,6,2,4
248,C7kt-JZyx8J,Phi-4-mini 3.8B Instruct,few-shot,false,9,9,9,0
249,C7F03BqSAng,Phi-4-mini 3.8B Instruct,few-shot,false,8,8,8,0
250,C6uo2tySRev,Phi-4-mini 3.8B Instruct,few-shot,false,4,6,4,2
251,DWArADckv2A,Phi-4-mini 3.8B Instruct,few-shot,false,6,8,6,2
252,DV5BZafjOq4,Phi-4-mini 3.8B Instruct,few-shot,false,5,6,5,1
253,DV2cZqiGRUl,Phi-4-mini 3.8B Instruct,few-shot,false,5,12,5,7
254,DVxWajnjfAI,Phi-4-mini 3.8B Instruct,few-shot,false,8,11,10,4
255,DVU9gqREi88,Phi-4-mini 3.8B Instruct,few-shot,false,8,12,8,6
256,DWDOV3Ukq2t,Phi-4-mini 3.8B Instruct,few-shot,false,7,7,7,0
257,DVxNpsVgbBG,Phi-4-mini 3.8B Instruct,few-shot,false,4,6,4,2
258,DVutKvujazg,Phi-4-mini 3.8B Instruct,few-shot,false,7,10,7,4
259,DVphyIijuJ_,Phi-4-mini 3.8B Instruct,few-shot,false,5,10,5,5
260,DVkdLI3FtfP,Phi-4-mini 3.8B Instruct,few-shot,false,6,10,6,4
261,DSuE2wWEfXr,Phi-4-mini 3.8B Instruct,few-shot,false,2,5,2,3
262,DIxmuuyz0sC,Phi-4-mini 3.8B Instruct,few-shot,false,4,8,4,4
263,DE13y7pT_jx,Phi-4-mini 3.8B Instruct,few-shot,false,12,11,12,1
264,C67f7RfyFAV,Phi-4-mini 3.8B Instruct,few-shot,false,3,8,3,5
265,C6I4GVsLgnf,Phi-4-mini 3.8B Instruct,few-shot,false,2,4,2,2
266,C3tobkQJ2nA,Phi-4-mini 3.8B Instruct,few-shot,false,2,5,2,3
267,C0suZXkxaBG,Phi-4-mini 3.8B Instruct,few-shot,false,7,8,7,2
268,CxReOIZSoIV,Phi-4-mini 3.8B Instruct,few-shot,false,4,7,4,3
269,DElwUdQz-v2,Phi-4-mini 3.8B Instruct,few-shot,false,6,11,7,5
270,C9YrfhUS2lK,Phi-4-mini 3.8B Instruct,few-shot,false,6,7,6,1
271,DVP2N0hkp7Y,Phi-4-mini 3.8B Instruct,few-shot,false,14,13,16,1
272,DR6OtTFksZm,Phi-4-mini 3.8B Instruct,few-shot,false,14,9,16,2
273,DNMxd6Lzy1f,Phi-4-mini 3.8B Instruct,few-shot,false,7,9,7,2
274,DGw2dWCzWyw,Phi-4-mini 3.8B Instruct,few-shot,false,4,5,4,1
275,DGuVfoxTYDz,Phi-4-mini 3.8B Instruct,few-shot,false,3,4,3,2
276,CzTIQqfL2xY,Phi-4-mini 3.8B Instruct,few-shot,false,9,12,10,4
277,CvyhUe2OHtM,Phi-4-mini 3.8B Instruct,few-shot,false,7,11,7,4
278,CveBqfspTjD,Phi-4-mini 3.8B Instruct,few-shot,false,7,12,7,5
279,Ct0jllVrFj4,Phi-4-mini 3.8B Instruct,few-shot,false,5,11,5,6
280,CrGk9SDpNHM,Phi-4-mini 3.8B Instruct,few-shot,false,12,12,13,1
281,DHKfyyITTE8,Qwen 2.5 3B Instruct,few-shot,false,7,11,8,3
282,DHm89ozTqeU,Qwen 2.5 3B Instruct,few-shot,false,3,6,3,3
283,DF4Fc8TTel4,Qwen 2.5 3B Instruct,few-shot,false,8,9,8,1
284,DDQnLI_zd75,Qwen 2.5 3B Instruct,few-shot,false,1,3,1,2
285,DCIwgyWvR4-,Qwen 2.5 3B Instruct,few-shot,false,3,7,3,4
286,C_9nDkNOgWS,Qwen 2.5 3B Instruct,few-shot,false,6,8,6,2
287,C8f7YMXS75g,Qwen 2.5 3B Instruct,few-shot,false,0,5,0,5
288,C7kt-JZyx8J,Qwen 2.5 3B Instruct,few-shot,false,8,9,8,2
289,C7F03BqSAng,Qwen 2.5 3B Instruct,few-shot,false,7,8,7,1
290,C6uo2tySRev,Qwen 2.5 3B Instruct,few-shot,false,4,6,4,2
291,DWArADckv2A,Qwen 2.5 3B Instruct,few-shot,false,6,8,6,2
292,DV5BZafjOq4,Qwen 2.5 3B Instruct,few-shot,false,3,5,3,2
293,DV2cZqiGRUl,Qwen 2.5 3B Instruct,few-shot,false,5,11,5,6
294,DVxWajnjfAI,Qwen 2.5 3B Instruct,few-shot,false,7,9,7,3
295,DVU9gqREi88,Qwen 2.5 3B Instruct,few-shot,false,4,9,4,5
296,DWDOV3Ukq2t,Qwen 2.5 3B Instruct,few-shot,false,8,8,8,0
297,DVxNpsVgbBG,Qwen 2.5 3B Instruct,few-shot,false,5,6,5,1
298,DVutKvujazg,Qwen 2.5 3B Instruct,few-shot,false,7,9,7,3
299,DVphyIijuJ_,Qwen 2.5 3B Instruct,few-shot,false,4,7,4,3
300,DVkdLI3FtfP,Qwen 2.5 3B Instruct,few-shot,false,5,11,6,5
301,DSuE2wWEfXr,Qwen 2.5 3B Instruct,few-shot,false,2,5,2,3
302,DIxmuuyz0sC,Qwen 2.5 3B Instruct,few-shot,false,5,8,5,3
303,DE13y7pT_jx,Qwen 2.5 3B Instruct,few-shot,false,8,9,8,3
304,C67f7RfyFAV,Qwen 2.5 3B Instruct,few-shot,false,2,7,2,5
305,C6I4GVsLgnf,Qwen 2.5 3B Instruct,few-shot,false,2,4,2,2
306,C3tobkQJ2nA,Qwen 2.5 3B Instruct,few-shot,false,3,5,3,2
307,C0suZXkxaBG,Qwen 2.5 3B Instruct,few-shot,false,6,11,8,5
308,CxReOIZSoIV,Qwen 2.5 3B Instruct,few-shot,false,5,8,5,3
309,DElwUdQz-v2,Qwen 2.5 3B Instruct,few-shot,false,8,15,9,7
310,C9YrfhUS2lK,Qwen 2.5 3B Instruct,few-shot,false,6,7,6,1
311,DVP2N0hkp7Y,Qwen 2.5 3B Instruct,few-shot,false,15,13,15,1
312,DR6OtTFksZm,Qwen 2.5 3B Instruct,few-shot,false,13,9,18,2
313,DNMxd6Lzy1f,Qwen 2.5 3B Instruct,few-shot,false,6,9,6,3
314,DGw2dWCzWyw,Qwen 2.5 3B Instruct,few-shot,false,4,5,4,1
315,DGuVfoxTYDz,Qwen 2.5 3B Instruct,few-shot,false,6,6,6,1
316,CzTIQqfL2xY,Qwen 2.5 3B Instruct,few-shot,false,9,12,11,3
317,CvyhUe2OHtM,Qwen 2.5 3B Instruct,few-shot,false,7,10,7,3
318,CveBqfspTjD,Qwen 2.5 3B Instruct,few-shot,false,5,8,5,3
319,Ct0jllVrFj4,Qwen 2.5 3B Instruct,few-shot,false,5,13,5,8
320,CrGk9SDpNHM,Qwen 2.5 3B Instruct,few-shot,false,7,9,8,2
321,DHKfyyITTE8,Gemma-SEA-LION v4 4B,few-shot,false,6,10,7,3
322,DHm89ozTqeU,Gemma-SEA-LION v4 4B,few-shot,false,2,5,2,3
323,DF4Fc8TTel4,Gemma-SEA-LION v4 4B,few-shot,false,8,9,8,1
324,DDQnLI_zd75,Gemma-SEA-LION v4 4B,few-shot,false,1,4,1,3
325,DCIwgyWvR4-,Gemma-SEA-LION v4 4B,few-shot,false,2,6,2,4
326,C_9nDkNOgWS,Gemma-SEA-LION v4 4B,few-shot,false,7,8,7,1
327,C8f7YMXS75g,Gemma-SEA-LION v4 4B,few-shot,false,2,5,2,3
328,C7kt-JZyx8J,Gemma-SEA-LION v4 4B,few-shot,false,8,8,8,1
329,C7F03BqSAng,Gemma-SEA-LION v4 4B,few-shot,false,8,8,8,0
330,C6uo2tySRev,Gemma-SEA-LION v4 4B,few-shot,false,5,6,5,1
331,DWArADckv2A,Gemma-SEA-LION v4 4B,few-shot,false,5,8,5,3
332,DV5BZafjOq4,Gemma-SEA-LION v4 4B,few-shot,false,5,5,5,0
333,DV2cZqiGRUl,Gemma-SEA-LION v4 4B,few-shot,false,4,10,4,6
334,DVxWajnjfAI,Gemma-SEA-LION v4 4B,few-shot,false,6,9,6,4
335,DVU9gqREi88,Gemma-SEA-LION v4 4B,few-shot,false,2,6,2,4
336,DWDOV3Ukq2t,Gemma-SEA-LION v4 4B,few-shot,false,7,7,7,0
337,DVxNpsVgbBG,Gemma-SEA-LION v4 4B,few-shot,false,5,6,5,1
338,DVutKvujazg,Gemma-SEA-LION v4 4B,few-shot,false,7,9,7,3
339,DVphyIijuJ_,Gemma-SEA-LION v4 4B,few-shot,false,2,5,2,3
340,DVkdLI3FtfP,Gemma-SEA-LION v4 4B,few-shot,false,4,8,4,4
341,DSuE2wWEfXr,Gemma-SEA-LION v4 4B,few-shot,false,2,5,2,3
342,DIxmuuyz0sC,Gemma-SEA-LION v4 4B,few-shot,false,4,8,4,4
343,DE13y7pT_jx,Gemma-SEA-LION v4 4B,few-shot,false,12,10,12,0
344,C67f7RfyFAV,Gemma-SEA-LION v4 4B,few-shot,false,3,9,3,6
345,C6I4GVsLgnf,Gemma-SEA-LION v4 4B,few-shot,false,2,4,2,2
346,C3tobkQJ2nA,Gemma-SEA-LION v4 4B,few-shot,false,2,6,2,4
347,C0suZXkxaBG,Gemma-SEA-LION v4 4B,few-shot,false,7,9,7,3
348,CxReOIZSoIV,Gemma-SEA-LION v4 4B,few-shot,false,4,9,4,5
349,DElwUdQz-v2,Gemma-SEA-LION v4 4B,few-shot,false,7,10,8,3
350,C9YrfhUS2lK,Gemma-SEA-LION v4 4B,few-shot,false,7,7,7,0
351,DVP2N0hkp7Y,Gemma-SEA-LION v4 4B,few-shot,false,13,11,13,0
352,DR6OtTFksZm,Gemma-SEA-LION v4 4B,few-shot,false,16,14,18,4
353,DNMxd6Lzy1f,Gemma-SEA-LION v4 4B,few-shot,false,8,10,10,1
354,DGw2dWCzWyw,Gemma-SEA-LION v4 4B,few-shot,false,6,6,7,0
355,DGuVfoxTYDz,Gemma-SEA-LION v4 4B,few-shot,false,5,6,6,1
356,CzTIQqfL2xY,Gemma-SEA-LION v4 4B,few-shot,false,8,11,9,4
357,CvyhUe2OHtM,Gemma-SEA-LION v4 4B,few-shot,false,7,17,8,9
358,CveBqfspTjD,Gemma-SEA-LION v4 4B,few-shot,false,7,10,7,3
359,Ct0jllVrFj4,Gemma-SEA-LION v4 4B,few-shot,false,5,12,5,7
361,DHKfyyITTE8,MedGemma 4B,few-shot,false,6,10,6,4
362,DHm89ozTqeU,MedGemma 4B,few-shot,false,1,5,1,4
363,DF4Fc8TTel4,MedGemma 4B,few-shot,false,6,7,6,1
364,DDQnLI_zd75,MedGemma 4B,few-shot,false,1,3,1,2
365,DCIwgyWvR4-,MedGemma 4B,few-shot,false,1,8,1,7
366,C_9nDkNOgWS,MedGemma 4B,few-shot,false,7,8,7,1
367,C8f7YMXS75g,MedGemma 4B,few-shot,false,3,6,3,3
368,C7kt-JZyx8J,MedGemma 4B,few-shot,false,9,9,9,0
369,C7F03BqSAng,MedGemma 4B,few-shot,false,7,8,7,1
370,C6uo2tySRev,MedGemma 4B,few-shot,false,3,5,3,2
371,DWArADckv2A,MedGemma 4B,few-shot,false,6,7,6,1
372,DV5BZafjOq4,MedGemma 4B,few-shot,false,4,7,4,3
373,DV2cZqiGRUl,MedGemma 4B,few-shot,false,6,10,6,4
374,DVxWajnjfAI,MedGemma 4B,few-shot,false,7,10,7,4
375,DVU9gqREi88,MedGemma 4B,few-shot,false,8,10,8,4
376,DWDOV3Ukq2t,MedGemma 4B,few-shot,false,8,8,8,0
377,DVxNpsVgbBG,MedGemma 4B,few-shot,false,4,6,4,2
378,DVutKvujazg,MedGemma 4B,few-shot,false,6,10,6,5
379,DVphyIijuJ_,MedGemma 4B,few-shot,false,7,9,7,2
380,DVkdLI3FtfP,MedGemma 4B,few-shot,false,5,9,5,4
381,DSuE2wWEfXr,MedGemma 4B,few-shot,false,2,5,2,3
382,DIxmuuyz0sC,MedGemma 4B,few-shot,false,5,8,5,3
383,DE13y7pT_jx,MedGemma 4B,few-shot,false,11,10,11,1
384,C67f7RfyFAV,MedGemma 4B,few-shot,false,3,9,3,6
385,C6I4GVsLgnf,MedGemma 4B,few-shot,false,2,4,2,2
386,C3tobkQJ2nA,MedGemma 4B,few-shot,false,3,5,3,2
387,C0suZXkxaBG,MedGemma 4B,few-shot,false,5,11,7,6
388,CxReOIZSoIV,MedGemma 4B,few-shot,false,2,6,2,4
389,DElwUdQz-v2,MedGemma 4B,few-shot,false,7,10,8,3
390,C9YrfhUS2lK,MedGemma 4B,few-shot,false,6,8,6,2
391,DVP2N0hkp7Y,MedGemma 4B,few-shot,false,11,11,11,2
392,DR6OtTFksZm,MedGemma 4B,few-shot,false,19,15,19,4
393,DNMxd6Lzy1f,MedGemma 4B,few-shot,false,5,11,6,5
394,DGw2dWCzWyw,MedGemma 4B,few-shot,false,4,5,4,1
395,DGuVfoxTYDz,MedGemma 4B,few-shot,false,6,5,6,0
396,CzTIQqfL2xY,MedGemma 4B,few-shot,false,5,9,6,4
397,CvyhUe2OHtM,MedGemma 4B,few-shot,false,6,10,6,4
398,CveBqfspTjD,MedGemma 4B,few-shot,false,7,10,7,3
399,Ct0jllVrFj4,MedGemma 4B,few-shot,false,5,12,5,7
400,CrGk9SDpNHM,MedGemma 4B,few-shot,false,9,11,9,2
401,DHKfyyITTE8,Llama 3.2 3B Instruct,chain-of-thought,false,0,10,0,10
402,DHm89ozTqeU,Llama 3.2 3B Instruct,chain-of-thought,false,1,5,1,4
403,DF4Fc8TTel4,Llama 3.2 3B Instruct,chain-of-thought,false,6,9,6,3
404,DDQnLI_zd75,Llama 3.2 3B Instruct,chain-of-thought,false,1,3,1,2
405,DCIwgyWvR4-,Llama 3.2 3B Instruct,chain-of-thought,false,2,5,2,3
406,C_9nDkNOgWS,Llama 3.2 3B Instruct,chain-of-thought,false,1,6,1,5
407,C8f7YMXS75g,Llama 3.2 3B Instruct,chain-of-thought,false,1,4,1,3
408,C7kt-JZyx8J,Llama 3.2 3B Instruct,chain-of-thought,false,1,10,2,8
412,DV5BZafjOq4,Llama 3.2 3B Instruct,chain-of-thought,false,1,3,1,2
413,DV2cZqiGRUl,Llama 3.2 3B Instruct,chain-of-thought,false,3,14,3,11
414,DVxWajnjfAI,Llama 3.2 3B Instruct,chain-of-thought,false,3,13,3,11
416,DWDOV3Ukq2t,Llama 3.2 3B Instruct,chain-of-thought,false,8,9,8,1
419,DVphyIijuJ_,Llama 3.2 3B Instruct,chain-of-thought,false,4,7,4,3
421,DSuE2wWEfXr,Llama 3.2 3B Instruct,chain-of-thought,false,2,7,2,5
422,DIxmuuyz0sC,Llama 3.2 3B Instruct,chain-of-thought,false,0,5,0,5
423,DE13y7pT_jx,Llama 3.2 3B Instruct,chain-of-thought,false,1,10,1,9
425,C6I4GVsLgnf,Llama 3.2 3B Instruct,chain-of-thought,false,0,4,0,4
426,C3tobkQJ2nA,Llama 3.2 3B Instruct,chain-of-thought,false,4,5,4,1
428,CxReOIZSoIV,Llama 3.2 3B Instruct,chain-of-thought,false,2,6,2,4
429,DElwUdQz-v2,Llama 3.2 3B Instruct,chain-of-thought,false,2,11,2,9
433,DNMxd6Lzy1f,Llama 3.2 3B Instruct,chain-of-thought,false,2,9,2,7
436,CzTIQqfL2xY,Llama 3.2 3B Instruct,chain-of-thought,false,0,7,0,7
437,CvyhUe2OHtM,Llama 3.2 3B Instruct,chain-of-thought,false,3,7,3,4
439,Ct0jllVrFj4,Llama 3.2 3B Instruct,chain-of-thought,false,0,13,0,13
440,CrGk9SDpNHM,Llama 3.2 3B Instruct,chain-of-thought,false,2,11,2,9
441,DHKfyyITTE8,Phi-4-mini 3.8B Instruct,chain-of-thought,false,1,10,1,9
442,DHm89ozTqeU,Phi-4-mini 3.8B Instruct,chain-of-thought,false,0,4,0,4
443,DF4Fc8TTel4,Phi-4-mini 3.8B Instruct,chain-of-thought,false,0,1,0,1
444,DDQnLI_zd75,Phi-4-mini 3.8B Instruct,chain-of-thought,false,1,3,1,2
445,DCIwgyWvR4-,Phi-4-mini 3.8B Instruct,chain-of-thought,false,2,4,2,2
446,C_9nDkNOgWS,Phi-4-mini 3.8B Instruct,chain-of-thought,false,1,8,1,7
447,C8f7YMXS75g,Phi-4-mini 3.8B Instruct,chain-of-thought,false,1,5,2,3
448,C7kt-JZyx8J,Phi-4-mini 3.8B Instruct,chain-of-thought,false,2,11,2,9
449,C7F03BqSAng,Phi-4-mini 3.8B Instruct,chain-of-thought,false,3,8,3,5
450,C6uo2tySRev,Phi-4-mini 3.8B Instruct,chain-of-thought,false,5,7,5,2
451,DWArADckv2A,Phi-4-mini 3.8B Instruct,chain-of-thought,false,0,7,0,7
452,DV5BZafjOq4,Phi-4-mini 3.8B Instruct,chain-of-thought,false,1,4,1,3
453,DV2cZqiGRUl,Phi-4-mini 3.8B Instruct,chain-of-thought,false,6,11,6,5
454,DVxWajnjfAI,Phi-4-mini 3.8B Instruct,chain-of-thought,false,0,11,0,11
455,DVU9gqREi88,Phi-4-mini 3.8B Instruct,chain-of-thought,false,6,11,6,7
456,DWDOV3Ukq2t,Phi-4-mini 3.8B Instruct,chain-of-thought,false,8,9,8,1
457,DVxNpsVgbBG,Phi-4-mini 3.8B Instruct,chain-of-thought,false,1,7,1,6
458,DVutKvujazg,Phi-4-mini 3.8B Instruct,chain-of-thought,false,0,16,0,16
459,DVphyIijuJ_,Phi-4-mini 3.8B Instruct,chain-of-thought,false,3,6,3,3
460,DVkdLI3FtfP,Phi-4-mini 3.8B Instruct,chain-of-thought,false,0,8,0,8
461,DSuE2wWEfXr,Phi-4-mini 3.8B Instruct,chain-of-thought,false,2,5,2,3
462,DIxmuuyz0sC,Phi-4-mini 3.8B Instruct,chain-of-thought,false,2,9,2,7
463,DE13y7pT_jx,Phi-4-mini 3.8B Instruct,chain-of-thought,false,4,10,4,6
464,C67f7RfyFAV,Phi-4-mini 3.8B Instruct,chain-of-thought,false,0,1,0,1
468,CxReOIZSoIV,Phi-4-mini 3.8B Instruct,chain-of-thought,false,2,6,2,4
469,DElwUdQz-v2,Phi-4-mini 3.8B Instruct,chain-of-thought,false,1,10,1,9
470,C9YrfhUS2lK,Phi-4-mini 3.8B Instruct,chain-of-thought,false,7,7,7,0
472,DR6OtTFksZm,Phi-4-mini 3.8B Instruct,chain-of-thought,false,5,10,5,8
475,DGuVfoxTYDz,Phi-4-mini 3.8B Instruct,chain-of-thought,false,5,5,5,1
476,CzTIQqfL2xY,Phi-4-mini 3.8B Instruct,chain-of-thought,false,0,18,0,18
477,CvyhUe2OHtM,Phi-4-mini 3.8B Instruct,chain-of-thought,false,4,12,4,8
478,CveBqfspTjD,Phi-4-mini 3.8B Instruct,chain-of-thought,false,1,9,1,8
481,DHKfyyITTE8,Qwen 2.5 3B Instruct,chain-of-thought,false,1,9,1,8
482,DHm89ozTqeU,Qwen 2.5 3B Instruct,chain-of-thought,false,0,3,0,3
483,DF4Fc8TTel4,Qwen 2.5 3B Instruct,chain-of-thought,false,1,8,1,7
486,C_9nDkNOgWS,Qwen 2.5 3B Instruct,chain-of-thought,false,2,9,2,7
488,C7kt-JZyx8J,Qwen 2.5 3B Instruct,chain-of-thought,false,4,9,4,5
491,DWArADckv2A,Qwen 2.5 3B Instruct,chain-of-thought,false,2,7,2,5
492,DV5BZafjOq4,Qwen 2.5 3B Instruct,chain-of-thought,false,3,4,3,1
493,DV2cZqiGRUl,Qwen 2.5 3B Instruct,chain-of-thought,false,3,13,3,10
494,DVxWajnjfAI,Qwen 2.5 3B Instruct,chain-of-thought,false,8,12,10,4
495,DVU9gqREi88,Qwen 2.5 3B Instruct,chain-of-thought,false,7,11,7,6
496,DWDOV3Ukq2t,Qwen 2.5 3B Instruct,chain-of-thought,false,7,7,7,0
497,DVxNpsVgbBG,Qwen 2.5 3B Instruct,chain-of-thought,false,1,6,1,5
498,DVutKvujazg,Qwen 2.5 3B Instruct,chain-of-thought,false,1,11,1,10
501,DSuE2wWEfXr,Qwen 2.5 3B Instruct,chain-of-thought,false,2,7,2,5
502,DIxmuuyz0sC,Qwen 2.5 3B Instruct,chain-of-thought,false,0,9,0,9
503,DE13y7pT_jx,Qwen 2.5 3B Instruct,chain-of-thought,false,12,10,12,0
505,C6I4GVsLgnf,Qwen 2.5 3B Instruct,chain-of-thought,false,1,4,1,3
508,CxReOIZSoIV,Qwen 2.5 3B Instruct,chain-of-thought,false,4,7,4,3
509,DElwUdQz-v2,Qwen 2.5 3B Instruct,chain-of-thought,false,9,14,11,6
510,C9YrfhUS2lK,Qwen 2.5 3B Instruct,chain-of-thought,false,7,7,7,0
511,DVP2N0hkp7Y,Qwen 2.5 3B Instruct,chain-of-thought,false,5,9,5,4
512,DR6OtTFksZm,Qwen 2.5 3B Instruct,chain-of-thought,false,12,11,12,3
513,DNMxd6Lzy1f,Qwen 2.5 3B Instruct,chain-of-thought,false,9,11,10,2
514,DGw2dWCzWyw,Qwen 2.5 3B Instruct,chain-of-thought,false,2,2,2,0
515,DGuVfoxTYDz,Qwen 2.5 3B Instruct,chain-of-thought,false,0,5,0,5
516,CzTIQqfL2xY,Qwen 2.5 3B Instruct,chain-of-thought,false,3,11,3,8
517,CvyhUe2OHtM,Qwen 2.5 3B Instruct,chain-of-thought,false,5,10,5,5
518,CveBqfspTjD,Qwen 2.5 3B Instruct,chain-of-thought,false,4,10,4,6
519,Ct0jllVrFj4,Qwen 2.5 3B Instruct,chain-of-thought,false,3,15,3,12
520,CrGk9SDpNHM,Qwen 2.5 3B Instruct,chain-of-thought,false,13,14,13,1
521,DHKfyyITTE8,Gemma-SEA-LION v4 4B,chain-of-thought,false,0,8,0,8
523,DF4Fc8TTel4,Gemma-SEA-LION v4 4B,chain-of-thought,false,1,9,1,8
524,DDQnLI_zd75,Gemma-SEA-LION v4 4B,chain-of-thought,false,0,4,0,4
525,DCIwgyWvR4-,Gemma-SEA-LION v4 4B,chain-of-thought,false,2,4,2,2
526,C_9nDkNOgWS,Gemma-SEA-LION v4 4B,chain-of-thought,false,3,5,3,2
527,C8f7YMXS75g,Gemma-SEA-LION v4 4B,chain-of-thought,false,2,4,2,2
528,C7kt-JZyx8J,Gemma-SEA-LION v4 4B,chain-of-thought,false,3,8,3,5
529,C7F03BqSAng,Gemma-SEA-LION v4 4B,chain-of-thought,false,4,8,4,4
530,C6uo2tySRev,Gemma-SEA-LION v4 4B,chain-of-thought,false,0,3,0,3
531,DWArADckv2A,Gemma-SEA-LION v4 4B,chain-of-thought,false,0,7,0,7
532,DV5BZafjOq4,Gemma-SEA-LION v4 4B,chain-of-thought,false,1,5,1,4
533,DV2cZqiGRUl,Gemma-SEA-LION v4 4B,chain-of-thought,false,4,12,6,6
536,DWDOV3Ukq2t,Gemma-SEA-LION v4 4B,chain-of-thought,false,2,7,2,5
537,DVxNpsVgbBG,Gemma-SEA-LION v4 4B,chain-of-thought,false,1,6,1,5
540,DVkdLI3FtfP,Gemma-SEA-LION v4 4B,chain-of-thought,false,9,15,9,6
543,DE13y7pT_jx,Gemma-SEA-LION v4 4B,chain-of-thought,false,5,9,5,4
544,C67f7RfyFAV,Gemma-SEA-LION v4 4B,chain-of-thought,false,0,1,0,1
545,C6I4GVsLgnf,Gemma-SEA-LION v4 4B,chain-of-thought,false,0,4,0,4
546,C3tobkQJ2nA,Gemma-SEA-LION v4 4B,chain-of-thought,false,1,4,1,3
549,DElwUdQz-v2,Gemma-SEA-LION v4 4B,chain-of-thought,false,9,10,12,1
550,C9YrfhUS2lK,Gemma-SEA-LION v4 4B,chain-of-thought,false,0,5,0,5
551,DVP2N0hkp7Y,Gemma-SEA-LION v4 4B,chain-of-thought,false,11,12,11,3
552,DR6OtTFksZm,Gemma-SEA-LION v4 4B,chain-of-thought,false,6,10,6,7
553,DNMxd6Lzy1f,Gemma-SEA-LION v4 4B,chain-of-thought,false,8,10,8,2
554,DGw2dWCzWyw,Gemma-SEA-LION v4 4B,chain-of-thought,false,1,4,1,3
556,CzTIQqfL2xY,Gemma-SEA-LION v4 4B,chain-of-thought,false,4,12,6,6
557,CvyhUe2OHtM,Gemma-SEA-LION v4 4B,chain-of-thought,false,7,10,7,3
558,CveBqfspTjD,Gemma-SEA-LION v4 4B,chain-of-thought,false,5,10,5,5
561,DHKfyyITTE8,MedGemma 4B,chain-of-thought,false,7,9,8,2
563,DF4Fc8TTel4,MedGemma 4B,chain-of-thought,false,7,7,7,0
564,DDQnLI_zd75,MedGemma 4B,chain-of-thought,false,1,4,1,3
566,C_9nDkNOgWS,MedGemma 4B,chain-of-thought,false,5,8,5,3
567,C8f7YMXS75g,MedGemma 4B,chain-of-thought,false,1,4,1,3
568,C7kt-JZyx8J,MedGemma 4B,chain-of-thought,false,5,23,8,15
569,C7F03BqSAng,MedGemma 4B,chain-of-thought,false,3,10,3,7
570,C6uo2tySRev,MedGemma 4B,chain-of-thought,false,0,1,0,1
571,DWArADckv2A,MedGemma 4B,chain-of-thought,false,0,6,0,6
572,DV5BZafjOq4,MedGemma 4B,chain-of-thought,false,2,5,2,3
573,DV2cZqiGRUl,MedGemma 4B,chain-of-thought,false,2,7,2,5
574,DVxWajnjfAI,MedGemma 4B,chain-of-thought,false,5,14,12,6
575,DVU9gqREi88,MedGemma 4B,chain-of-thought,false,6,9,7,2
577,DVxNpsVgbBG,MedGemma 4B,chain-of-thought,false,1,5,1,4
578,DVutKvujazg,MedGemma 4B,chain-of-thought,false,13,14,13,2
579,DVphyIijuJ_,MedGemma 4B,chain-of-thought,false,5,10,5,5
581,DSuE2wWEfXr,MedGemma 4B,chain-of-thought,false,2,5,2,3
582,DIxmuuyz0sC,MedGemma 4B,chain-of-thought,false,1,10,1,9
583,DE13y7pT_jx,MedGemma 4B,chain-of-thought,false,11,10,12,0
585,C6I4GVsLgnf,MedGemma 4B,chain-of-thought,false,1,4,1,3
586,C3tobkQJ2nA,MedGemma 4B,chain-of-thought,false,2,2,2,0
588,CxReOIZSoIV,MedGemma 4B,chain-of-thought,false,3,7,3,4
589,DElwUdQz-v2,MedGemma 4B,chain-of-thought,false,8,9,9,2
590,C9YrfhUS2lK,MedGemma 4B,chain-of-thought,false,2,7,2,5
591,DVP2N0hkp7Y,MedGemma 4B,chain-of-thought,false,0,9,0,9
592,DR6OtTFksZm,MedGemma 4B,chain-of-thought,false,6,9,6,5
593,DNMxd6Lzy1f,MedGemma 4B,chain-of-thought,false,2,11,4,7
594,DGw2dWCzWyw,MedGemma 4B,chain-of-thought,false,2,2,2,0
595,DGuVfoxTYDz,MedGemma 4B,chain-of-thought,false,0,6,0,6
596,CzTIQqfL2xY,MedGemma 4B,chain-of-thought,false,7,9,9,2
597,CvyhUe2OHtM,MedGemma 4B,chain-of-thought,false,4,10,4,6
598,CveBqfspTjD,MedGemma 4B,chain-of-thought,false,0,11,0,11
599,Ct0jllVrFj4,MedGemma 4B,chain-of-thought,false,9,16,9,7
600,CrGk9SDpNHM,MedGemma 4B,chain-of-thought,false,2,15,3,12
601,DHKfyyITTE8,Llama 3.2 3B Instruct,structured-output,false,6,10,6,4
604,DDQnLI_zd75,Llama 3.2 3B Instruct,structured-output,false,1,3,1,2
605,DCIwgyWvR4-,Llama 3.2 3B Instruct,structured-output,false,1,5,1,4
606,C_9nDkNOgWS,Llama 3.2 3B Instruct,structured-output,false,3,5,3,2
607,C8f7YMXS75g,Llama 3.2 3B Instruct,structured-output,false,3,6,3,3
608,C7kt-JZyx8J,Llama 3.2 3B Instruct,structured-output,false,1,8,1,7
609,C7F03BqSAng,Llama 3.2 3B Instruct,structured-output,false,3,8,3,5
610,C6uo2tySRev,Llama 3.2 3B Instruct,structured-output,false,3,5,3,2
611,DWArADckv2A,Llama 3.2 3B Instruct,structured-output,false,4,6,4,2
612,DV5BZafjOq4,Llama 3.2 3B Instruct,structured-output,false,3,3,3,0
613,DV2cZqiGRUl,Llama 3.2 3B Instruct,structured-output,false,6,11,6,5
614,DVxWajnjfAI,Llama 3.2 3B Instruct,structured-output,false,6,10,6,4
615,DVU9gqREi88,Llama 3.2 3B Instruct,structured-output,false,5,6,5,1
616,DWDOV3Ukq2t,Llama 3.2 3B Instruct,structured-output,false,0,10,0,10
617,DVxNpsVgbBG,Llama 3.2 3B Instruct,structured-output,false,4,5,4,1
618,DVutKvujazg,Llama 3.2 3B Instruct,structured-output,false,1,5,1,4
620,DVkdLI3FtfP,Llama 3.2 3B Instruct,structured-output,false,6,8,6,2
621,DSuE2wWEfXr,Llama 3.2 3B Instruct,structured-output,false,2,5,2,3
622,DIxmuuyz0sC,Llama 3.2 3B Instruct,structured-output,false,3,9,3,6
623,DE13y7pT_jx,Llama 3.2 3B Instruct,structured-output,false,10,9,10,0
624,C67f7RfyFAV,Llama 3.2 3B Instruct,structured-output,false,0,8,0,8
625,C6I4GVsLgnf,Llama 3.2 3B Instruct,structured-output,false,2,4,2,2
626,C3tobkQJ2nA,Llama 3.2 3B Instruct,structured-output,false,3,6,3,3
627,C0suZXkxaBG,Llama 3.2 3B Instruct,structured-output,false,8,12,8,5
628,CxReOIZSoIV,Llama 3.2 3B Instruct,structured-output,false,1,5,1,4
629,DElwUdQz-v2,Llama 3.2 3B Instruct,structured-output,false,0,6,0,6
630,C9YrfhUS2lK,Llama 3.2 3B Instruct,structured-output,false,7,7,7,0
631,DVP2N0hkp7Y,Llama 3.2 3B Instruct,structured-output,false,10,9,10,1
632,DR6OtTFksZm,Llama 3.2 3B Instruct,structured-output,false,8,7,8,2
633,DNMxd6Lzy1f,Llama 3.2 3B Instruct,structured-output,false,10,10,10,0
634,DGw2dWCzWyw,Llama 3.2 3B Instruct,structured-output,false,4,4,4,0
636,CzTIQqfL2xY,Llama 3.2 3B Instruct,structured-output,false,1,4,1,3
637,CvyhUe2OHtM,Llama 3.2 3B Instruct,structured-output,false,8,10,8,2
638,CveBqfspTjD,Llama 3.2 3B Instruct,structured-output,false,4,7,4,3
639,Ct0jllVrFj4,Llama 3.2 3B Instruct,structured-output,false,0,10,0,10
640,CrGk9SDpNHM,Llama 3.2 3B Instruct,structured-output,false,10,15,10,5
641,DHKfyyITTE8,Phi-4-mini 3.8B Instruct,structured-output,false,6,10,7,4
642,DHm89ozTqeU,Phi-4-mini 3.8B Instruct,structured-output,false,0,2,0,2
643,DF4Fc8TTel4,Phi-4-mini 3.8B Instruct,structured-output,false,6,8,6,2
644,DDQnLI_zd75,Phi-4-mini 3.8B Instruct,structured-output,false,1,4,1,3
645,DCIwgyWvR4-,Phi-4-mini 3.8B Instruct,structured-output,false,1,7,1,6
646,C_9nDkNOgWS,Phi-4-mini 3.8B Instruct,structured-output,false,6,8,6,2
647,C8f7YMXS75g,Phi-4-mini 3.8B Instruct,structured-output,false,1,4,1,3
648,C7kt-JZyx8J,Phi-4-mini 3.8B Instruct,structured-output,false,2,9,2,7
649,C7F03BqSAng,Phi-4-mini 3.8B Instruct,structured-output,false,3,8,3,5
650,C6uo2tySRev,Phi-4-mini 3.8B Instruct,structured-output,false,3,3,3,0
652,DV5BZafjOq4,Phi-4-mini 3.8B Instruct,structured-output,false,2,5,2,3
653,DV2cZqiGRUl,Phi-4-mini 3.8B Instruct,structured-output,false,5,10,5,5
655,DVU9gqREi88,Phi-4-mini 3.8B Instruct,structured-output,false,4,7,5,2
656,DWDOV3Ukq2t,Phi-4-mini 3.8B Instruct,structured-output,false,7,7,7,0
657,DVxNpsVgbBG,Phi-4-mini 3.8B Instruct,structured-output,false,4,6,4,2
658,DVutKvujazg,Phi-4-mini 3.8B Instruct,structured-output,false,0,10,0,10
659,DVphyIijuJ_,Phi-4-mini 3.8B Instruct,structured-output,false,7,11,7,4
660,DVkdLI3FtfP,Phi-4-mini 3.8B Instruct,structured-output,false,2,5,2,3
661,DSuE2wWEfXr,Phi-4-mini 3.8B Instruct,structured-output,false,2,3,2,1
662,DIxmuuyz0sC,Phi-4-mini 3.8B Instruct,structured-output,false,1,6,1,5
664,C67f7RfyFAV,Phi-4-mini 3.8B Instruct,structured-output,false,2,6,2,4
665,C6I4GVsLgnf,Phi-4-mini 3.8B Instruct,structured-output,false,0,4,0,4
666,C3tobkQJ2nA,Phi-4-mini 3.8B Instruct,structured-output,false,2,5,2,3
667,C0suZXkxaBG,Phi-4-mini 3.8B Instruct,structured-output,false,9,11,9,3
668,CxReOIZSoIV,Phi-4-mini 3.8B Instruct,structured-output,false,5,7,5,2
670,C9YrfhUS2lK,Phi-4-mini 3.8B Instruct,structured-output,false,7,7,7,0
671,DVP2N0hkp7Y,Phi-4-mini 3.8B Instruct,structured-output,false,12,10,12,0
672,DR6OtTFksZm,Phi-4-mini 3.8B Instruct,structured-output,false,7,5,9,1
673,DNMxd6Lzy1f,Phi-4-mini 3.8B Instruct,structured-output,false,7,10,7,3
674,DGw2dWCzWyw,Phi-4-mini 3.8B Instruct,structured-output,false,4,4,4,0
675,DGuVfoxTYDz,Phi-4-mini 3.8B Instruct,structured-output,false,0,4,0,4
676,CzTIQqfL2xY,Phi-4-mini 3.8B Instruct,structured-output,false,1,5,1,4
677,CvyhUe2OHtM,Phi-4-mini 3.8B Instruct,structured-output,false,6,9,6,3
678,CveBqfspTjD,Phi-4-mini 3.8B Instruct,structured-output,false,5,5,5,0
679,Ct0jllVrFj4,Phi-4-mini 3.8B Instruct,structured-output,false,6,11,6,5
680,CrGk9SDpNHM,Phi-4-mini 3.8B Instruct,structured-output,false,6,7,7,1
682,DHm89ozTqeU,Qwen 2.5 3B Instruct,structured-output,false,1,4,1,3
683,DF4Fc8TTel4,Qwen 2.5 3B Instruct,structured-output,false,6,8,6,2
685,DCIwgyWvR4-,Qwen 2.5 3B Instruct,structured-output,false,1,5,1,4
686,C_9nDkNOgWS,Qwen 2.5 3B Instruct,structured-output,false,7,8,7,1
687,C8f7YMXS75g,Qwen 2.5 3B Instruct,structured-output,false,1,4,1,3
688,C7kt-JZyx8J,Qwen 2.5 3B Instruct,structured-output,false,6,9,6,3
690,C6uo2tySRev,Qwen 2.5 3B Instruct,structured-output,false,4,5,4,1
691,DWArADckv2A,Qwen 2.5 3B Instruct,structured-output,false,2,5,2,3
692,DV5BZafjOq4,Qwen 2.5 3B Instruct,structured-output,false,2,4,2,2
693,DV2cZqiGRUl,Qwen 2.5 3B Instruct,structured-output,false,6,10,6,4
694,DVxWajnjfAI,Qwen 2.5 3B Instruct,structured-output,false,5,10,5,5
695,DVU9gqREi88,Qwen 2.5 3B Instruct,structured-output,false,7,10,7,3
696,DWDOV3Ukq2t,Qwen 2.5 3B Instruct,structured-output,false,7,7,7,0
697,DVxNpsVgbBG,Qwen 2.5 3B Instruct,structured-output,false,5,6,5,1
698,DVutKvujazg,Qwen 2.5 3B Instruct,structured-output,false,9,9,9,1
699,DVphyIijuJ_,Qwen 2.5 3B Instruct,structured-output,false,5,8,5,3
700,DVkdLI3FtfP,Qwen 2.5 3B Instruct,structured-output,false,7,10,7,3
701,DSuE2wWEfXr,Qwen 2.5 3B Instruct,structured-output,false,2,5,2,3
702,DIxmuuyz0sC,Qwen 2.5 3B Instruct,structured-output,false,4,8,4,4
703,DE13y7pT_jx,Qwen 2.5 3B Instruct,structured-output,false,11,10,11,1
705,C6I4GVsLgnf,Qwen 2.5 3B Instruct,structured-output,false,2,4,2,2
707,C0suZXkxaBG,Qwen 2.5 3B Instruct,structured-output,false,10,10,11,0
709,DElwUdQz-v2,Qwen 2.5 3B Instruct,structured-output,false,2,12,2,10
711,DVP2N0hkp7Y,Qwen 2.5 3B Instruct,structured-output,false,12,10,13,1
712,DR6OtTFksZm,Qwen 2.5 3B Instruct,structured-output,false,10,7,12,0
713,DNMxd6Lzy1f,Qwen 2.5 3B Instruct,structured-output,false,9,10,9,1
714,DGw2dWCzWyw,Qwen 2.5 3B Instruct,structured-output,false,2,5,2,3
715,DGuVfoxTYDz,Qwen 2.5 3B Instruct,structured-output,false,5,5,5,1
716,CzTIQqfL2xY,Qwen 2.5 3B Instruct,structured-output,false,3,4,3,1
717,CvyhUe2OHtM,Qwen 2.5 3B Instruct,structured-output,false,6,9,6,3
718,CveBqfspTjD,Qwen 2.5 3B Instruct,structured-output,false,6,11,6,5
719,Ct0jllVrFj4,Qwen 2.5 3B Instruct,structured-output,false,4,11,4,7
720,CrGk9SDpNHM,Qwen 2.5 3B Instruct,structured-output,false,4,10,4,6
721,DHKfyyITTE8,Gemma-SEA-LION v4 4B,structured-output,false,6,10,9,2
722,DHm89ozTqeU,Gemma-SEA-LION v4 4B,structured-output,false,1,4,1,3
723,DF4Fc8TTel4,Gemma-SEA-LION v4 4B,structured-output,false,6,8,6,2
724,DDQnLI_zd75,Gemma-SEA-LION v4 4B,structured-output,false,1,3,1,2
725,DCIwgyWvR4-,Gemma-SEA-LION v4 4B,structured-output,false,3,4,3,1
726,C_9nDkNOgWS,Gemma-SEA-LION v4 4B,structured-output,false,1,5,1,4
727,C8f7YMXS75g,Gemma-SEA-LION v4 4B,structured-output,false,2,4,2,2
728,C7kt-JZyx8J,Gemma-SEA-LION v4 4B,structured-output,false,3,6,3,3
729,C7F03BqSAng,Gemma-SEA-LION v4 4B,structured-output,false,5,7,5,2
731,DWArADckv2A,Gemma-SEA-LION v4 4B,structured-output,false,4,6,4,2
732,DV5BZafjOq4,Gemma-SEA-LION v4 4B,structured-output,false,2,2,2,0
733,DV2cZqiGRUl,Gemma-SEA-LION v4 4B,structured-output,false,6,10,6,4
734,DVxWajnjfAI,Gemma-SEA-LION v4 4B,structured-output,false,3,10,3,7
735,DVU9gqREi88,Gemma-SEA-LION v4 4B,structured-output,false,4,8,4,4
736,DWDOV3Ukq2t,Gemma-SEA-LION v4 4B,structured-output,false,6,6,6,0
737,DVxNpsVgbBG,Gemma-SEA-LION v4 4B,structured-output,false,2,6,2,4
738,DVutKvujazg,Gemma-SEA-LION v4 4B,structured-output,false,9,10,9,2
741,DSuE2wWEfXr,Gemma-SEA-LION v4 4B,structured-output,false,2,5,2,3
742,DIxmuuyz0sC,Gemma-SEA-LION v4 4B,structured-output,false,5,8,5,3
743,DE13y7pT_jx,Gemma-SEA-LION v4 4B,structured-output,false,9,8,9,1
744,C67f7RfyFAV,Gemma-SEA-LION v4 4B,structured-output,false,1,8,1,7
747,C0suZXkxaBG,Gemma-SEA-LION v4 4B,structured-output,false,10,10,10,1
748,CxReOIZSoIV,Gemma-SEA-LION v4 4B,structured-output,false,5,6,5,1
749,DElwUdQz-v2,Gemma-SEA-LION v4 4B,structured-output,false,7,9,9,2
750,C9YrfhUS2lK,Gemma-SEA-LION v4 4B,structured-output,false,7,7,7,0
751,DVP2N0hkp7Y,Gemma-SEA-LION v4 4B,structured-output,false,11,10,11,1
753,DNMxd6Lzy1f,Gemma-SEA-LION v4 4B,structured-output,false,5,14,5,9
754,DGw2dWCzWyw,Gemma-SEA-LION v4 4B,structured-output,false,2,3,2,1
755,DGuVfoxTYDz,Gemma-SEA-LION v4 4B,structured-output,false,0,5,0,5
756,CzTIQqfL2xY,Gemma-SEA-LION v4 4B,structured-output,false,9,12,10,3
757,CvyhUe2OHtM,Gemma-SEA-LION v4 4B,structured-output,false,4,9,4,5
758,CveBqfspTjD,Gemma-SEA-LION v4 4B,structured-output,false,2,6,2,4
759,Ct0jllVrFj4,Gemma-SEA-LION v4 4B,structured-output,false,0,13,0,13
761,DHKfyyITTE8,MedGemma 4B,structured-output,false,6,9,8,2
762,DHm89ozTqeU,MedGemma 4B,structured-output,false,1,4,1,3
763,DF4Fc8TTel4,MedGemma 4B,structured-output,false,7,8,7,1
764,DDQnLI_zd75,MedGemma 4B,structured-output,false,1,3,1,2
765,DCIwgyWvR4-,MedGemma 4B,structured-output,false,1,5,1,4
766,C_9nDkNOgWS,MedGemma 4B,structured-output,false,7,9,7,2
767,C8f7YMXS75g,MedGemma 4B,structured-output,false,2,3,2,1
768,C7kt-JZyx8J,MedGemma 4B,structured-output,false,2,10,2,8
769,C7F03BqSAng,MedGemma 4B,structured-output,false,1,1,1,0
770,C6uo2tySRev,MedGemma 4B,structured-output,false,3,4,3,1
771,DWArADckv2A,MedGemma 4B,structured-output,false,5,6,5,1
772,DV5BZafjOq4,MedGemma 4B,structured-output,false,2,2,2,0
773,DV2cZqiGRUl,MedGemma 4B,structured-output,false,1,8,1,7
774,DVxWajnjfAI,MedGemma 4B,structured-output,false,8,10,10,3
777,DVxNpsVgbBG,MedGemma 4B,structured-output,false,5,5,5,0
778,DVutKvujazg,MedGemma 4B,structured-output,false,7,8,7,2
779,DVphyIijuJ_,MedGemma 4B,structured-output,false,2,8,2,6
780,DVkdLI3FtfP,MedGemma 4B,structured-output,false,1,7,1,6
781,DSuE2wWEfXr,MedGemma 4B,structured-output,false,2,5,2,3
782,DIxmuuyz0sC,MedGemma 4B,structured-output,false,5,7,5,2
783,DE13y7pT_jx,MedGemma 4B,structured-output,false,11,10,11,1
784,C67f7RfyFAV,MedGemma 4B,structured-output,false,3,9,3,6
785,C6I4GVsLgnf,MedGemma 4B,structured-output,false,2,4,2,2
786,C3tobkQJ2nA,MedGemma 4B,structured-output,false,3,5,3,2
787,C0suZXkxaBG,MedGemma 4B,structured-output,false,7,10,7,4
788,CxReOIZSoIV,MedGemma 4B,structured-output,false,5,7,5,2
789,DElwUdQz-v2,MedGemma 4B,structured-output,false,0,4,0,4
791,DVP2N0hkp7Y,MedGemma 4B,structured-output,false,0,3,0,3
792,DR6OtTFksZm,MedGemma 4B,structured-output,false,17,11,17,3
793,DNMxd6Lzy1f,MedGemma 4B,structured-output,false,1,13,2,11
796,CzTIQqfL2xY,MedGemma 4B,structured-output,false,10,11,11,1
797,CvyhUe2OHtM,MedGemma 4B,structured-output,false,6,10,6,4
798,CveBqfspTjD,MedGemma 4B,structured-output,false,7,11,7,4
799,Ct0jllVrFj4,MedGemma 4B,structured-output,false,0,7,0,7
800,CrGk9SDpNHM,MedGemma 4B,structured-output,false,9,11,9,2
